family_short,task,run_index,dev_mean,dev_max,dev_step0_mean,dev_step0_max,final_gap,gap_auc,update_mag_mean,update_mag_max
qwen2.5-1.5b,alpaca,0,0.03836157404816213,0.08148392026180407,0.0,0.0,-0.003798753716051595,-74.32563171647487,0.29073313837723547,0.9365835303477638
qwen2.5-1.5b,code,1,0.038617320771471876,0.09622292797731463,0.0,0.0,0.002682068046182401,-58.44121120050549,0.2677191028011364,0.7965661456529868
qwen2.5-1.5b,math,2,0.06408920324171434,0.15327484697332075,0.0,0.0,0.01141893716342747,-47.09965482847766,0.3817815445968681,1.361304248535589
qwen2.5-1.5b,xsum,3,0.04825908784361425,0.21279736622089437,0.0,0.0,0.0002503591179847664,-34.782733547687506,0.3231911990993292,1.7769593373346657
qwen2.5-1.5b,squad,4,0.04530436205973772,0.11200767722566451,0.0,0.0,-0.014762318596243884,-71.18714610859747,0.34303434866799026,0.7487956861946012
qwen2.5-1.5b,agnews,5,0.0469623755098234,0.15157388642479436,0.0,0.0,0.00693649743497371,-70.49115511067214,0.3132581590240172,1.0950826370816436
llama3.2-1b,alpaca,6,0.055020634809624894,0.3040017657011135,0.0,0.0,-0.002352023184299501,-76.98883351683615,0.6144878149523842,3.9626435784148417
llama3.2-1b,code,7,0.06041258475044479,0.2655265575333516,0.0,0.0,0.0016956755071878549,-87.45928803756831,0.6540428509264768,4.0029699127205545
llama3.2-1b,math,8,0.11875012701176924,0.3427487229433755,0.0,0.0,0.027143427759408922,-28.189843473210907,0.8807597942166425,4.093965456229402
llama3.2-1b,xsum,9,0.09427362236875717,0.28457666114012037,0.0,0.0,-0.015892299354076433,-50.495857779681664,0.7774088936777811,2.0109161313452097
llama3.2-1b,squad,10,0.0950663604226323,0.44137711783146916,0.0,0.0,-0.016792063578963345,-69.08942096605895,0.7311295674554388,4.237690641803359
llama3.2-1b,agnews,11,0.07343132767963001,0.32445749855317696,0.0,0.0,0.007365399904549097,-86.91010793112216,0.7507278380864895,4.380138471522556
qwen2.5-1.5b,alpaca,12,0.03850948194313689,0.08675860196984606,0.0,0.0,-0.0002855827733874161,-74.5344916297123,0.2860603785018618,0.7318779949187811
qwen2.5-1.5b,code,13,0.03698889459948369,0.08331437040744423,0.0,0.0,-0.00017113858461381692,-59.52275433000176,0.2646983168301336,0.8190660588316695
qwen2.5-1.5b,math,14,0.06246993746059123,0.14456229729637685,0.0,0.0,0.008723996067419651,-48.36777534680442,0.37895908675617207,1.2742189215399515
qwen2.5-1.5b,xsum,15,0.04527074380751937,0.14261965783387195,0.0,0.0,0.004339438319206357,-25.299368558824007,0.33062138104203836,1.1817631851131047
qwen2.5-1.5b,squad,16,0.04482391082531724,0.09930522687642489,0.0,0.0,-0.014560641571879418,-72.99772210344669,0.3400959864759849,0.7362504158522035
qwen2.5-1.5b,agnews,17,0.04757957443148756,0.1516833395549461,0.0,0.0,0.00440991867333651,-71.58520250022411,0.31168510720824455,1.0454447050123366
llama3.2-1b,alpaca,18,0.05636220828384181,0.2786472900006546,0.0,0.0,0.0016693958230316608,-78.38438637554647,0.6165911053937654,3.7890793679730335
llama3.2-1b,code,19,0.06105910994870267,0.2719797263277456,0.0,0.0,0.007535962197929624,-87.66225087922066,0.6614377653921182,3.9852934271828215
llama3.2-1b,math,20,0.117870554491631,0.3324521288738983,0.0,0.0,0.02795708307623862,-28.682413791865116,0.8693217676660066,4.017173572302138
llama3.2-1b,xsum,21,0.0925428473731249,0.2739930016498133,0.0,0.0,0.005642943710088666,-56.6513505220413,0.7766138137124405,1.912593802619269
llama3.2-1b,squad,22,0.09451093206379238,0.399752395211735,0.0,0.0,-0.011673654913902265,-69.9280078560114,0.7279101689384608,4.004039169577225
llama3.2-1b,agnews,23,0.07642509215768836,0.3465361187076882,0.0,0.0,0.00781598505377773,-87.69269609488549,0.7582205018183423,4.402108633215174
qwen2.5-1.5b,alpaca,24,0.03833475584087176,0.08987123892122928,0.0,0.0,0.00030157512798906216,-69.60117661114782,0.2880815751238149,0.7123368953101645
qwen2.5-1.5b,code,25,0.03780473287895373,0.09448052819308679,0.0,0.0,0.0034223249815404228,-56.74715731069445,0.2700922405401974,0.8280766988451629
qwen2.5-1.5b,math,26,0.06315406364244124,0.1563962983939741,0.0,0.0,0.010242042073979982,-48.48869722196834,0.3801702941966371,1.3078728812271831
qwen2.5-1.5b,xsum,27,0.047778305958302555,0.2729402417920098,0.0,0.0,0.0006041592955587927,-32.75011516809463,0.32246696401409514,2.026603865296768
qwen2.5-1.5b,squad,28,0.044497961878469154,0.09940942130165886,0.0,0.0,-0.007518755882978456,-70.79885972216726,0.34252823887248596,0.7304514095095851
qwen2.5-1.5b,agnews,29,0.04790537292445005,0.15833645890303288,0.0,0.0,0.0060245689600705865,-69.58300083205104,0.3166694176080519,1.0833147871444793
llama3.2-1b,alpaca,30,0.05369801102746888,0.27858477551132876,0.0,0.0,-0.008986138857901116,-75.70890676043928,0.6145167179995727,4.016513381983156
llama3.2-1b,code,31,0.059621414060595485,0.26517165592337155,0.0,0.0,0.005255010325461634,-85.27114423848685,0.6611352849256353,3.9540593963422235
llama3.2-1b,math,32,0.11351107634132115,0.2868738793609219,0.0,0.0,0.02253075322508813,-30.474639821425082,0.8501215359015555,3.9731227743948025
llama3.2-1b,xsum,33,0.09198314074452357,0.29527027481395945,0.0,0.0,-0.0034349170327185874,-56.58414184749122,0.7694185997333854,2.0228018408888233
llama3.2-1b,squad,34,0.09613863714547952,0.43089551727016323,0.0,0.0,-0.018004218757152524,-67.56923248469828,0.7294639069890154,4.293168157237751
llama3.2-1b,agnews,35,0.07675353538301202,0.35221467501195525,0.0,0.0,0.005275344185531161,-86.81274706572295,0.7570550996070046,4.4012604104114805
qwen2.5-1.5b,alpaca,36,0.038038891514189446,0.09715872446775352,0.0,0.0,-7.030959427356542e-05,-71.23456455729901,0.28996062617783724,0.8526414174025491
qwen2.5-1.5b,code,37,0.037967785737014294,0.08407983468733193,0.0,0.0,-0.0021162618584930903,-59.70725137498233,0.26415730465099146,0.838623677351595
qwen2.5-1.5b,math,38,0.06434391584301499,0.1856241520923978,0.0,0.0,0.010333361210301512,-46.99434201130644,0.38320586423772773,1.4991730632513711
qwen2.5-1.5b,xsum,39,0.048323262228497886,0.25033265144347994,0.0,0.0,-0.00507958006858833,-29.331500369310415,0.3259913168002984,1.9963323312048853
qwen2.5-1.5b,squad,40,0.04566068321185495,0.0982135385230099,0.0,0.0,-0.0015742273330688894,-72.86215086728335,0.3434269398653235,0.7323709542494501
qwen2.5-1.5b,agnews,41,0.049802594625815044,0.14968801824984587,0.0,0.0,0.007110163547098647,-71.19674247056246,0.31415507590983965,1.063530957675347
llama3.2-1b,alpaca,42,0.05498324937349468,0.2680800766868745,0.0,0.0,0.0043924161121249305,-79.80947307795286,0.6172361625262226,3.755044723310609
llama3.2-1b,code,43,0.05866510245516293,0.22955823164101924,0.0,0.0,0.0016660705246031027,-87.95722357705235,0.6449468795656157,3.853236915541006
llama3.2-1b,math,44,0.11403210258264751,0.33208406252461614,0.0,0.0,0.02473034276068209,-31.222071229666486,0.8524221873295754,4.185939526259807
llama3.2-1b,xsum,45,0.09399767815428564,0.26506084806697955,0.0,0.0,-0.009577598035335644,-48.753170262277166,0.7792660059821876,1.8580475843534707
llama3.2-1b,squad,46,0.09478290801308875,0.43921459006948105,0.0,0.0,-0.0002829973846674161,-68.79945382550356,0.7254888559560511,4.157435117598964
llama3.2-1b,agnews,47,0.07223257436576475,0.2908128434375336,0.0,0.0,0.009840333200991147,-88.68846535123888,0.7441013904474632,4.367537276717752
qwen2.5-1.5b,alpaca,48,0.03803851274232368,0.08857047132250094,0.0,0.0,-0.00905661436542865,-67.56489135343581,0.2840412488349188,0.8286811835202146
qwen2.5-1.5b,code,49,0.038953641611590484,0.09173074213225023,0.0,0.0,0.003627263452857729,-57.58981101308018,0.26824608942329015,0.8560298964988813
qwen2.5-1.5b,math,50,0.0650784224684804,0.1505653625393915,0.0,0.0,0.009137022271752365,-48.05549811981621,0.3821961921590408,1.3674820974027044
qwen2.5-1.5b,xsum,51,0.04846717177988686,0.23826443828405916,0.0,0.0,-0.044288720130920556,-32.007352921366675,0.3252945964004081,1.9271678142601392
qwen2.5-1.5b,squad,52,0.0459804549108223,0.1002791280454876,0.0,0.0,0.0031708384305239035,-73.13500800803305,0.34690971534466636,0.7594078600700049
qwen2.5-1.5b,agnews,53,0.04799375132828813,0.14986126504112401,0.0,0.0,0.006061025671660891,-71.83849341981114,0.3148391018057648,1.092806341090026
llama3.2-1b,alpaca,54,0.05404896923213594,0.2774728262504742,0.0,0.0,-0.013594898529350752,-76.69501224234699,0.6196508320220707,3.9839224673578855
llama3.2-1b,code,55,0.05958043107971824,0.18908706778625467,0.0,0.0,0.0019229527600109486,-86.45099433604626,0.6555749979263131,3.390843978522038
llama3.2-1b,math,56,0.11403389181851406,0.3468886954308608,0.0,0.0,0.02759667073190214,-29.42802102342248,0.8516842016789183,4.086476680105984
llama3.2-1b,xsum,57,0.0949184605835755,0.27111986401922944,0.0,0.0,-0.004645958513021409,-48.67787053883081,0.7734674614925395,1.9412028976877052
llama3.2-1b,squad,58,0.09425469046359086,0.433167748159397,0.0,0.0,-0.007198789268732075,-70.90458118617532,0.72159906673092,4.2398364994313535
llama3.2-1b,agnews,59,0.07436454704372729,0.3253488641780886,0.0,0.0,0.00560360312461855,-86.54768724888562,0.7510564995374426,4.117699806863839
qwen2.5-1.5b,alpaca,60,0.038038261533241656,0.09134416226267696,0.0,0.0,-0.015848848491907097,-69.31492665335537,0.28492069112913637,0.7141761085439952
qwen2.5-1.5b,code,61,0.03719636537910632,0.07674962426737678,0.0,0.0,0.004625185349956165,-60.00230244761332,0.2667969574119354,0.782712829953127
qwen2.5-1.5b,math,62,0.06314818510517832,0.17056372697535296,0.0,0.0,0.009415912022814152,-47.88499984061346,0.3765319391875749,1.23313321920023
qwen2.5-1.5b,xsum,63,0.04742155766636742,0.20189451806635716,0.0,0.0,-0.01661901473999028,-30.403512902557893,0.324388735056163,1.8047279874985098
qwen2.5-1.5b,squad,64,0.04605793495629112,0.10650861386513964,0.0,0.0,-0.016845247536897645,-71.18735917732118,0.34054669459248293,0.7528582348265707
qwen2.5-1.5b,agnews,65,0.04700419173482775,0.12837038940286316,0.0,0.0,0.007386074908077744,-71.74339032284914,0.31700027011398396,1.0637467894558645
llama3.2-1b,alpaca,66,0.056260513387342954,0.29862648877666725,0.0,0.0,-0.011477819882333262,-75.23634012825788,0.6204365335339088,3.94476381837108
llama3.2-1b,code,67,0.058849469575612115,0.2250064006601513,0.0,0.0,0.0046615152209997235,-89.57056609224529,0.6566406597561264,3.7338399960376347
llama3.2-1b,math,68,0.117047803054247,0.31187077871850766,0.0,0.0,0.02463328793644909,-30.634045439213512,0.858605143081109,4.101489259400198
llama3.2-1b,xsum,69,0.09474237075992378,0.3139625500983291,0.0,0.0,0.003313841849565513,-49.243519882857726,0.7836312668264388,2.15920377303873
llama3.2-1b,squad,70,0.09249810639511957,0.45227587523435614,0.0,0.0,-0.009042057141661619,-72.9355300404131,0.7163810621413579,4.239821247233681
llama3.2-1b,agnews,71,0.07413483516053401,0.3231929396435796,0.0,0.0,0.007427651003003133,-87.64825949557124,0.7546827830305275,4.30468271511978
qwen2.5-1.5b,alpaca,72,0.03840365535867451,0.09319447804140851,0.0,0.0,-0.008010784056037668,-69.99864750094709,0.2844112058114146,0.7139244232825176
qwen2.5-1.5b,code,73,0.038749444301419134,0.1089436462077195,0.0,0.0,0.0031928636506199787,-58.65520167239009,0.26913711763861586,0.7658800439233193
qwen2.5-1.5b,math,74,0.06298959703220278,0.17836781335964344,0.0,0.0,0.0088652961011976,-49.15481809908523,0.375566782738651,1.3955673442541077
qwen2.5-1.5b,xsum,75,0.048462469544509036,0.19837819769498308,0.0,0.0,-0.012863851904869161,-28.276771093905012,0.32741634220070914,1.8232592167944748
qwen2.5-1.5b,squad,76,0.046144342112706745,0.1017583449485513,0.0,0.0,-0.009494402855634632,-73.58411612734197,0.34150521220122004,0.7109235400237226
qwen2.5-1.5b,agnews,77,0.046325499518439735,0.13346551216676555,0.0,0.0,0.003498398609459441,-71.37092350795865,0.31066499118404495,0.96871025748635
llama3.2-1b,alpaca,78,0.05482187197901319,0.28574012434618706,0.0,0.0,0.012800485726445932,-78.30997082199904,0.6134432592135698,3.8439239953218105
llama3.2-1b,code,79,0.059702640765265075,0.2506884767235327,0.0,0.0,0.007398516813293093,-86.70742285912857,0.6545857180587831,3.9012063314598184
llama3.2-1b,math,80,0.11500592946139601,0.31784190962967257,0.0,0.0,0.024288117535412324,-30.565192227065555,0.8640575460526525,4.08876534803938
llama3.2-1b,xsum,81,0.09208921223863353,0.25281739152786026,0.0,0.0,0.009567196130752631,-47.429825690388675,0.7732957914446106,1.853871853237778
llama3.2-1b,squad,82,0.09457610258981627,0.42690717048020227,0.0,0.0,-0.012257604300975777,-70.33472032845023,0.7277362354131357,4.093128716677322
llama3.2-1b,agnews,83,0.07437628779324865,0.3021106142374898,0.0,0.0,0.006445774450898167,-88.05876648910343,0.7558535203817999,4.1399991424447435
qwen2.5-1.5b,alpaca,84,0.03835415588982135,0.07954279828188147,0.0,0.0,-0.003924856897443485,-71.7302737666294,0.2818270469110905,0.7557601340966643
qwen2.5-1.5b,code,85,0.038630604399900056,0.12518148904573237,0.0,0.0,0.004106010802090165,-57.46974772121758,0.2686138664396371,0.8136634595788435
qwen2.5-1.5b,math,86,0.06247535487159523,0.18619542418836482,0.0,0.0,0.009128618294373156,-46.493153660837564,0.3771322660503934,1.4330797260008756
qwen2.5-1.5b,xsum,87,0.0484612591287228,0.18625992640809025,0.0,0.0,-0.0029232997298240804,-35.61873659193518,0.323551160961489,1.8415738262022823
qwen2.5-1.5b,squad,88,0.045609912553394624,0.0917543218452947,0.0,0.0,0.0034563295692205953,-72.76249747127294,0.34185092609816525,0.8510030527272807
qwen2.5-1.5b,agnews,89,0.04761646696930661,0.15679839343945481,0.0,0.0,0.007358308196067809,-70.7569567143917,0.31525554013025936,1.1402750432954525
llama3.2-1b,alpaca,90,0.05449245477949921,0.2734498640448974,0.0,0.0,-0.014968364443629978,-74.68801891338079,0.6177166403558407,3.799302645046894
llama3.2-1b,code,91,0.06103484136686575,0.226176020435499,0.0,0.0,0.0037280913740396493,-88.53594656214119,0.6658674506162151,3.5967129003104628
llama3.2-1b,math,92,0.11434129520564107,0.33032347212965824,0.0,0.0,0.02620630799978968,-30.604493800923226,0.865165388110654,4.082835823738006
llama3.2-1b,xsum,93,0.09207984594630729,0.2461870905824513,0.0,0.0,0.02438772970438019,-52.17691249549387,0.7682926572493054,1.752300094275
llama3.2-1b,squad,94,0.09405531676006368,0.4503952850714216,0.0,0.0,-0.010179455339908605,-69.16008911877871,0.725170610100368,4.214216208307736
llama3.2-1b,agnews,95,0.07442013095851568,0.30412043118134463,0.0,0.0,0.009445172078907493,-87.92982829213142,0.7567577580817811,4.123763378607196
qwen2.5-1.5b,alpaca,96,0.03961931246186128,0.10058464459749439,0.0,0.0,-0.005875979922711827,-70.87947029657663,0.2850740293328985,0.6897975525354793
qwen2.5-1.5b,code,97,0.03798104068971343,0.07680373194910271,0.0,0.0,0.0011173053830862145,-57.49230849966406,0.2705249109897906,0.8718226316597328
qwen2.5-1.5b,math,98,0.06297419714964815,0.13935737421330388,0.0,0.0,0.012066102201119075,-47.626516206655666,0.37911709311895264,1.3368734702766283
qwen2.5-1.5b,xsum,99,0.04652622493707802,0.17825390128838453,0.0,0.0,0.002623377323150766,-34.27039139568809,0.3256323165553899,1.7633610358769778
qwen2.5-1.5b,squad,100,0.045832068095188694,0.09348263666249457,0.0,0.0,0.0030192089229821306,-71.44476042240863,0.3420716635941868,0.7084060128375402
qwen2.5-1.5b,agnews,101,0.04737335283469942,0.13549974523077243,0.0,0.0,0.0055133801400661375,-70.60764623954893,0.31179944155522044,0.9650065295015726
llama3.2-1b,alpaca,102,0.05304969525681015,0.2539779364378457,0.0,0.0,0.0035938560478389614,-73.91917920615522,0.6078218857452986,3.9342968538993413
llama3.2-1b,code,103,0.059972861043024975,0.21041997015736738,0.0,0.0,0.003826421909034261,-88.42510777767748,0.6579576396505813,3.5826012796133773
llama3.2-1b,math,104,0.11531310705856679,0.3403188489001919,0.0,0.0,0.023601319566369072,-29.735746987536558,0.8577398232149209,4.023043892627698
llama3.2-1b,xsum,105,0.09203947094981066,0.25184526758886744,0.0,0.0,-0.002257398396730448,-51.20711764544252,0.770473279482119,1.8539498291435927
llama3.2-1b,squad,106,0.09414179610345305,0.43120722700407804,0.0,0.0,-0.02065943302214146,-67.79901303425432,0.7179780766235377,4.213026365056819
llama3.2-1b,agnews,107,0.0764492095882538,0.33209495218486806,0.0,0.0,0.008955089889466805,-85.66009237729014,0.752647226121298,4.239395161533768
qwen2.5-1.5b,alpaca,108,0.037343976823738426,0.086770824445977,0.0,0.0,-0.00759417480975394,-75.05733986310659,0.28826158376668143,0.7398393161959373
qwen2.5-1.5b,code,109,0.03975365713482214,0.12498049178202164,0.0,0.0,0.0018201075959950602,-57.38108126083388,0.2667212456873077,0.818019951718724
qwen2.5-1.5b,math,110,0.06234194061457994,0.14347603540620346,0.0,0.0,0.009388463398441668,-48.03415103582666,0.377806531631501,1.2254737112460892
qwen2.5-1.5b,xsum,111,0.04823978107496155,0.19645486997805045,0.0,0.0,-0.0035425058007241272,-34.97482149749996,0.32957554025937374,1.8321409146551275
qwen2.5-1.5b,squad,112,0.0464434776862359,0.12477729129027713,0.0,0.0,0.012786571145057657,-69.32295102998614,0.34318436392441687,0.7446886786724378
qwen2.5-1.5b,agnews,113,0.047364920928564855,0.16485857955794878,0.0,0.0,0.00700846062600613,-70.36603752449156,0.31312285209207313,1.0882217381131576
llama3.2-1b,alpaca,114,0.05502574859845224,0.296307868422763,0.0,0.0,0.004249518807977415,-79.72770702522249,0.6117425181772572,3.87186346337188
llama3.2-1b,code,115,0.05969245499034651,0.2678824038957811,0.0,0.0,0.00640331117063761,-87.85586673412472,0.6535364796657556,4.101309578364641
llama3.2-1b,math,116,0.11849564398190607,0.36611708789961217,0.0,0.0,0.02822334165871143,-28.9875025577843,0.8678540028570323,4.259848776774596
llama3.2-1b,xsum,117,0.09521183244320991,0.2892472081646193,0.0,0.0,-0.01119596797227862,-49.82857573926441,0.7857519159501244,2.034902707284002
llama3.2-1b,squad,118,0.09609764428253942,0.4749490328663827,0.0,0.0,-0.004414300486445533,-67.47126506492496,0.73070731617041,4.38093205352767
llama3.2-1b,agnews,119,0.0748364801328473,0.317465683793049,0.0,0.0,0.007791330516338346,-86.70833529755473,0.7452818140664276,4.247681496677397
qwen2.5-1.5b,alpaca,120,0.036848080336166766,0.08304905598859036,0.0,0.0,-0.011614390924572948,-73.64748851209879,0.28489400247263263,0.6816966587302548
qwen2.5-1.5b,code,121,0.0392021400594292,0.08594373850977151,0.0,0.0,0.0028720669224858303,-59.798166649602365,0.2678324244964708,0.7863577855690229
qwen2.5-1.5b,math,122,0.06297164362287473,0.14801727457949812,0.0,0.0,0.01014521365240216,-47.936879350803785,0.3776568282546898,1.3995500331473432
qwen2.5-1.5b,xsum,123,0.047884033862265384,0.20272742977711725,0.0,0.0,0.013383241862058748,-27.70656705349679,0.32244374591833225,1.6627044760337248
qwen2.5-1.5b,squad,124,0.04421066355494092,0.08924798146079484,0.0,0.0,-0.006715431466698729,-72.90476891323925,0.34088759675191405,0.7597815270686497
qwen2.5-1.5b,agnews,125,0.0488027286777286,0.15275197795394582,0.0,0.0,0.006230933211743839,-70.7185399465263,0.3209618726688893,1.0379003957120252
llama3.2-1b,alpaca,126,0.05361429822061188,0.28316655133865665,0.0,0.0,-0.004326261941343557,-76.84509548190981,0.6161725569017208,3.8204518032941754
llama3.2-1b,code,127,0.0582096480645988,0.2075239091105953,0.0,0.0,0.0050660665780306036,-87.01537079866976,0.6489204229538773,3.6982276124301854
llama3.2-1b,math,128,0.1138285853515473,0.32193503624289266,0.0,0.0,0.025335486330091972,-30.245537740364654,0.855217854016666,4.0921271409298
llama3.2-1b,xsum,129,0.09295298609183432,0.25413316516193074,0.0,0.0,-0.01605971214175228,-50.607679973542695,0.7719156910345859,1.873781514556789
llama3.2-1b,squad,130,0.09384759498882132,0.4472466749953503,0.0,0.0,0.00017026832699773564,-64.45831210613251,0.7222204187958868,4.3418745376850625
llama3.2-1b,agnews,131,0.07456005901143738,0.3182544112194296,0.0,0.0,0.008343243129551425,-87.94725848361847,0.7537722267444449,4.012125651010444
qwen2.5-1.5b,alpaca,132,0.0384352752353274,0.09091259670817159,0.0,0.0,-0.013215692937374124,-72.2980645056814,0.28471547728113306,0.6551810351770981
qwen2.5-1.5b,code,133,0.038507287487497065,0.08392989170692218,0.0,0.0,0.002207719400525096,-59.04663312975318,0.26578626229579283,0.8973192183218616
qwen2.5-1.5b,math,134,0.06421742374315127,0.1384716099258512,0.0,0.0,0.01010492687299848,-48.13887152783574,0.3751785042394456,1.3513659396170352
qwen2.5-1.5b,xsum,135,0.04638408027421064,0.2832088313368261,0.0,0.0,0.011405213922262236,-30.42651067376136,0.32371511046401674,2.265802167036491
qwen2.5-1.5b,squad,136,0.044234230097213535,0.08370429249201969,0.0,0.0,0.002616686642169963,-68.84825652837755,0.34555791767849414,0.6965333158559383
qwen2.5-1.5b,agnews,137,0.048269666716694255,0.16300020519615907,0.0,0.0,0.008084197267889948,-71.20630596615375,0.31614645939476294,1.128213934673674
llama3.2-1b,alpaca,138,0.054812793069222494,0.31268406170061114,0.0,0.0,-0.011699641730636368,-78.95143901463601,0.615803610548411,3.882838905174321
llama3.2-1b,code,139,0.05960544710836529,0.19445238863642084,0.0,0.0,0.0043210720270872305,-87.25813432466238,0.6575891587202092,3.642420909712224
llama3.2-1b,math,140,0.11767323080946238,0.3403317797639688,0.0,0.0,0.025139197342097797,-29.66600709594788,0.8751720847521189,4.028360641332148
llama3.2-1b,xsum,141,0.09401810210032052,0.2878046178798678,0.0,0.0,0.009662624806165754,-44.156801579892566,0.7708290716432045,1.9417381029993874
llama3.2-1b,squad,142,0.0940455341620953,0.44284325666993346,0.0,0.0,-0.004509317383170175,-68.4372979722917,0.7234800771232934,4.287369709785109
llama3.2-1b,agnews,143,0.07529525588287553,0.3342706710983515,0.0,0.0,0.00511948199570178,-88.10435126051307,0.7481687573605871,4.3047065860347375
qwen2.5-1.5b,alpaca,144,0.03849359889546088,0.08299639868679053,0.0,0.0,0.001912197466939658,-73.44801964629438,0.2836817722050907,0.7056933129373483
qwen2.5-1.5b,code,145,0.03904721590229394,0.11232432759217491,0.0,0.0,0.004560501879081136,-58.815333558153355,0.27033819056049074,0.7687695471835111
qwen2.5-1.5b,math,146,0.061957114258715515,0.13790594907916037,0.0,0.0,0.009412432629615067,-48.15336250066756,0.3775937640465116,1.3863457480606094
qwen2.5-1.5b,xsum,147,0.04785877239697099,0.20792040145810173,0.0,0.0,-0.009296416819095654,-28.30645475387572,0.3273921434056149,2.0352583677229474
qwen2.5-1.5b,squad,148,0.04531013394167859,0.1050907303145468,0.0,0.0,-0.009044648155570045,-71.21931186392906,0.34175950509958153,0.7852711487056692
qwen2.5-1.5b,agnews,149,0.047021661841453115,0.15311293473149531,0.0,0.0,0.00827037566155192,-70.9316582363099,0.31458250355768186,1.1432287528441736
llama3.2-1b,alpaca,150,0.056315388309284314,0.2774560461582942,0.0,0.0,-0.002278326120227603,-76.2196485934779,0.6134535269191966,3.832131143739408
llama3.2-1b,code,151,0.06045350393974641,0.25433600055192446,0.0,0.0,0.001303515639156122,-89.04302286449817,0.6607955342932297,3.9050497013534833
llama3.2-1b,math,152,0.11778331737781333,0.328160731647082,0.0,0.0,0.027567277625203113,-28.632861354202014,0.8697809701187902,4.000650133351108
llama3.2-1b,xsum,153,0.09318872325371455,0.2551778785990148,0.0,0.0,-0.06051716268062601,-53.556423230469264,0.7702341837848582,1.9136867730422789
llama3.2-1b,squad,154,0.09131325735129614,0.40660394761208785,0.0,0.0,0.0003099685162305521,-66.66664372459054,0.715080406062443,4.239564349166341
llama3.2-1b,agnews,155,0.07403691632483848,0.29370974151611934,0.0,0.0,0.005396895065903684,-87.32930327393116,0.7499510191807222,4.0970279751253935
qwen2.5-1.5b,alpaca,156,0.03932956044737734,0.10717519239613253,0.0,0.0,0.007914553381502598,-76.05770873054861,0.2856566069250829,0.670484204400262
qwen2.5-1.5b,code,157,0.03852404348148882,0.09676352646334432,0.0,0.0,0.0023005832266062565,-58.000537941139186,0.27055982745771445,0.9293023339088935
qwen2.5-1.5b,math,158,0.0628491882060098,0.16616251796080392,0.0,0.0,0.009659800918772818,-48.29205245086924,0.37674291915870867,1.2925887196360406
qwen2.5-1.5b,xsum,159,0.04791681263524983,0.2690282809400036,0.0,0.0,-0.006908803880214753,-36.128002654016086,0.3278687896925871,2.005117262848505
qwen2.5-1.5b,squad,160,0.046049939480062654,0.09082142491954284,0.0,0.0,-0.01242368911206726,-71.8019145272672,0.3424959842696991,0.7507030034865633
qwen2.5-1.5b,agnews,161,0.04701775015494458,0.1666475737453159,0.0,0.0,0.00869387827813628,-71.77284144945443,0.31451740078451784,1.1680690574581813
llama3.2-1b,alpaca,162,0.05398910363797613,0.24313294562386487,0.0,0.0,-0.0047485345266759516,-76.97879335228355,0.6255956115854476,3.7647242317778744
llama3.2-1b,code,163,0.05855944731113991,0.21107545753822166,0.0,0.0,0.006760663583874699,-85.78018393237141,0.6543122735473315,3.7237582516606813
llama3.2-1b,math,164,0.1125024057100637,0.33430616824835113,0.0,0.0,0.02084490896016361,-29.566948082670567,0.8547624549138535,3.9466018398656937
llama3.2-1b,xsum,165,0.09310507664566209,0.28083884493559624,0.0,0.0,0.003899352014064661,-57.53598361760379,0.7759406878767757,1.894341709258131
llama3.2-1b,squad,166,0.09409633706249948,0.4478907896760082,0.0,0.0,-0.00718123605847365,-69.41055714711543,0.7191393832974631,4.319517036602669
llama3.2-1b,agnews,167,0.0736509492922478,0.33044279136665833,0.0,0.0,0.0026099053546786433,-87.5807050280273,0.7367521873781354,4.298312975738659
qwen2.5-1.5b,alpaca,168,0.03822288405599493,0.09549191537782806,0.0,0.0,-0.005972029045224203,-73.95437362845986,0.29197048696747013,0.7352422418125971
qwen2.5-1.5b,code,169,0.0387725340837189,0.09077895958875118,0.0,0.0,-0.003233608614653355,-57.77118078153581,0.27256390610312115,0.9147627468459648
qwen2.5-1.5b,math,170,0.06185151268047058,0.1690444796522341,0.0,0.0,0.008717604229226697,-47.70588131966068,0.3750765948404395,1.336587880148086
qwen2.5-1.5b,xsum,171,0.04811336121053685,0.1977250760468249,0.0,0.0,0.005082114934921389,-40.09538414180285,0.3247989839567044,1.5495603706849592
qwen2.5-1.5b,squad,172,0.045008027072865865,0.09642299952775513,0.0,0.0,0.0020483848899602863,-71.43087216466667,0.3435562332892866,0.7119253855622751
qwen2.5-1.5b,agnews,173,0.046742457115035226,0.12336376765325127,0.0,0.0,0.00429551895707847,-69.63660635501145,0.3120735698709566,1.0058380570589964
llama3.2-1b,alpaca,174,0.05448369936321247,0.26304048104003935,0.0,0.0,-0.010821833938360226,-78.37714889645576,0.6241934569498262,3.8885360492604177
llama3.2-1b,code,175,0.05747974342038141,0.26320743533513363,0.0,0.0,0.005891790144145509,-87.18976093269883,0.6570423405514705,4.128882202396842
llama3.2-1b,math,176,0.11462385584193033,0.32106559764993564,0.0,0.0,0.025983538590371613,-30.16952319890261,0.8516458785164303,4.1243345919769565
llama3.2-1b,xsum,177,0.09426578948457229,0.2697791712053238,0.0,0.0,-0.010887291938066479,-55.72064643353213,0.7703945939182232,1.8950671404518975
llama3.2-1b,squad,178,0.09546192968681846,0.4167159478387304,0.0,0.0,-0.018527891516685435,-69.39932915866372,0.7208913698220629,4.159984659350773
llama3.2-1b,agnews,179,0.07285066591157581,0.3247063432284581,0.0,0.0,0.004784486778080466,-86.56524251848462,0.7435148671896143,4.522139111546652
qwen2.5-1.5b,alpaca,180,0.039635704964571986,0.1096746892831136,0.0,0.0,-0.010472917281091232,-69.61639032512906,0.2852934134087338,0.7410874165625664
qwen2.5-1.5b,code,181,0.037576612804466815,0.0823267128391909,0.0,0.0,0.003345314469188468,-58.68597865756602,0.26760253124739386,0.8073689175389762
qwen2.5-1.5b,math,182,0.06309821742190218,0.16511005353241054,0.0,0.0,0.009922287838533522,-47.6133789212443,0.3794406889422004,1.3361058892460236
qwen2.5-1.5b,xsum,183,0.04786567552631869,0.25288116772092695,0.0,0.0,0.02284341114759436,-34.090221115946754,0.3250540030934198,2.1989676747428097
qwen2.5-1.5b,squad,184,0.04616813808030784,0.0931911499935764,0.0,0.0,-0.0008569717109202513,-72.49148290455345,0.34302528152962874,0.7052168819359613
qwen2.5-1.5b,agnews,185,0.04737811115654701,0.1498638535866102,0.0,0.0,0.004993562549352626,-70.98023365028206,0.31503127005668163,1.2086300390599964
llama3.2-1b,alpaca,186,0.05476607915141615,0.26425427011978336,0.0,0.0,0.012047071393579245,-75.89807897526774,0.6195499790517924,3.946861612527549
llama3.2-1b,code,187,0.057758574293642666,0.2142993939360299,0.0,0.0,0.005925241582095647,-88.6517376819625,0.6548086460452395,3.6373851234625394
llama3.2-1b,math,188,0.11313859199363453,0.3454531918856187,0.0,0.0,0.019653063692152528,-29.9322151429951,0.8589608045128321,4.045415838980315
llama3.2-1b,xsum,189,0.09314438284753565,0.26855594564935964,0.0,0.0,-0.01677069386839869,-51.69095627218483,0.7763862890023936,1.9349336915858326
llama3.2-1b,squad,190,0.0922699639659291,0.4102712448661919,0.0,0.0,-0.003819352120161046,-69.6720476105809,0.7158313637872541,4.099806426407158
llama3.2-1b,agnews,191,0.07505636661570511,0.34603377786035117,0.0,0.0,0.0035281737446784533,-86.94420040585099,0.7533756616524745,4.383860840311537
qwen2.5-1.5b,alpaca,192,0.03914602044823894,0.08493847773566826,0.0,0.0,-0.01151064104214311,-68.30499184150251,0.2888741320760892,0.7497560959922006
qwen2.5-1.5b,code,193,0.037678735075920684,0.09238977021696923,0.0,0.0,0.0033699728306382792,-57.68339166482911,0.26879382874873,0.950683628890371
qwen2.5-1.5b,math,194,0.06177373478781693,0.14830117688122504,0.0,0.0,0.009169724119827152,-47.28847980322316,0.37717132640247003,1.4281204044178775
qwen2.5-1.5b,xsum,195,0.04647798530818158,0.24517816186839242,0.0,0.0,0.0055293380320071694,-37.29278969168668,0.3236273863621954,1.8305845840774797
qwen2.5-1.5b,squad,196,0.04506333116949462,0.10633371055647656,0.0,0.0,-0.0025686824172735934,-69.76518355309963,0.3431062231064776,0.7777259276541958
qwen2.5-1.5b,agnews,197,0.04632064714850753,0.13762307521944644,0.0,0.0,0.007356655895709996,-72.25156282261013,0.31291625821273905,1.0879545621268274
llama3.2-1b,alpaca,198,0.055177168485274874,0.2787765478358178,0.0,0.0,-0.0017476951591670065,-82.41476773452011,0.6195754651220369,3.794599452027977
llama3.2-1b,code,199,0.06089137018508993,0.19527098988532152,0.0,0.0,0.0074648545868694904,-85.296754665114,0.6707153980827227,3.444015339194365
llama3.2-1b,math,200,0.1139411056355043,0.3463910370178057,0.0,0.0,0.02828588692843914,-29.444452838227143,0.8569739641257341,4.081632592890909
llama3.2-1b,xsum,201,0.09443736891782209,0.2960656921095065,0.0,0.0,0.012630414843559423,-50.22294301241636,0.7721686918953292,2.0499914986794843
llama3.2-1b,squad,202,0.09343380604540705,0.4587471656744675,0.0,0.0,-0.024645116865634864,-69.97344901114698,0.7218401706100563,4.320463937813989
llama3.2-1b,agnews,203,0.07461387063843612,0.339949413625519,0.0,0.0,0.006293005369603644,-86.81885400190946,0.7519340201286812,4.354948052357812
qwen2.5-1.5b,alpaca,204,0.03837994108958991,0.0789584040553699,0.0,0.0,-0.00039720951765775947,-71.41152008287608,0.28737637349865697,0.7166171362178079
qwen2.5-1.5b,code,205,0.03918592842922348,0.11911807650908077,0.0,0.0,0.0018797920197248519,-58.999777574650935,0.26932097096741714,0.800975815032064
qwen2.5-1.5b,math,206,0.06302127799537072,0.14522212468936782,0.0,0.0,0.010233080377802253,-47.89393812241032,0.3823893074715831,1.325549833920889
qwen2.5-1.5b,xsum,207,0.04855062362510459,0.25132127274472854,0.0,0.0,-0.01077522698044775,-30.686748625338122,0.3260790976274371,1.8810262876514314
qwen2.5-1.5b,squad,208,0.04559190605799327,0.09592519991218951,0.0,0.0,-0.0015692305862903266,-73.53122030273079,0.3432990367928993,0.7206158130824935
qwen2.5-1.5b,agnews,209,0.04870096332295727,0.15224414363263203,0.0,0.0,0.004257213957607753,-72.13772915080189,0.31710799840086384,1.1208104439473474
llama3.2-1b,alpaca,210,0.053531476788713124,0.28218790220544754,0.0,0.0,-0.0040593270324170705,-74.83585339654236,0.6150283022552612,3.734348797977601
llama3.2-1b,code,211,0.059585161039496376,0.21559250878230277,0.0,0.0,0.0022165144830942063,-86.44506756588815,0.6583589971751314,3.766458780437854
llama3.2-1b,math,212,0.11239376557511663,0.3209629138649546,0.0,0.0,0.023168291375041006,-30.3876411743462,0.839759384915505,3.922522201505669
llama3.2-1b,xsum,213,0.09299722149257393,0.30169697664873896,0.0,0.0,0.003992481797933545,-50.69995937496427,0.7751161458648496,2.087581328587882
llama3.2-1b,squad,214,0.09471293027430278,0.4439400885190263,0.0,0.0,0.0021845823079348348,-71.37228599414227,0.7144930984489523,4.136137943383182
llama3.2-1b,agnews,215,0.07503247722207353,0.32879530972954435,0.0,0.0,0.006492686726152885,-86.90948018804193,0.7631691955648763,3.9816162718979173
qwen2.5-1.5b,alpaca,216,0.038675875655800045,0.08421840629249298,0.0,0.0,-0.002768144324421906,-74.89497493654491,0.28706953825316756,0.7903859860289589
qwen2.5-1.5b,code,217,0.03873773951878089,0.09122664693020373,0.0,0.0,0.0012659974396228846,-57.616711235046395,0.27056970030711686,0.7608621010449373
qwen2.5-1.5b,math,218,0.0625529254310213,0.1554868689766053,0.0,0.0,0.00839468831382692,-47.318455429654556,0.3777269698535964,1.5778039460867201
qwen2.5-1.5b,xsum,219,0.04729616408723357,0.2453798216116161,0.0,0.0,-0.030199453502893325,-33.595183281600484,0.3263607197106287,1.9421890072094303
qwen2.5-1.5b,squad,220,0.047213453929177286,0.08365359180130585,0.0,0.0,-0.010097711279988375,-68.83633611276744,0.3524106098363736,0.8457607398541775
qwen2.5-1.5b,agnews,221,0.048217263101807975,0.15297856296141948,0.0,0.0,0.004667369678616529,-70.08044500388206,0.3187433648002888,1.0307414959968404
llama3.2-1b,alpaca,222,0.0550072698104576,0.3253864256296986,0.0,0.0,-0.002971592046320415,-78.87760079093272,0.6230806640451306,3.8355754044319097
llama3.2-1b,code,223,0.05997895198797944,0.24252898461789182,0.0,0.0,0.0056703114360570905,-89.92368456162512,0.6630768066993864,3.979603509032211
llama3.2-1b,math,224,0.11591528766076203,0.3226147226427311,0.0,0.0,0.026722784362733343,-29.141352005302934,0.8580315057728574,3.933368016236253
llama3.2-1b,xsum,225,0.09341529109875014,0.26668463820052873,0.0,0.0,-0.014387044280767425,-53.25025624036789,0.7663340596398572,1.894332594844027
llama3.2-1b,squad,226,0.09449943929572566,0.4145786467688044,0.0,0.0,-0.006477466985583269,-68.38372306749224,0.7210682816751871,4.152326082693585
llama3.2-1b,agnews,227,0.07461378396978505,0.3169912322480018,0.0,0.0,0.010252094142138957,-86.95156776569783,0.7581527197758959,4.287698586644413
qwen2.5-1.5b,alpaca,228,0.038097866518676596,0.0903691636999338,0.0,0.0,-0.009907705552876012,-72.69782477729022,0.2884654928787862,0.851856122725483
qwen2.5-1.5b,code,229,0.03820603193084214,0.09167340714798076,0.0,0.0,0.0011193378828465994,-59.09996231347324,0.2699985753835324,0.7566409625010685
qwen2.5-1.5b,math,230,0.06238914052277383,0.156642092619943,0.0,0.0,0.011342482918873437,-48.190065466146905,0.3744043895002038,1.4933585117578203
qwen2.5-1.5b,xsum,231,0.04713810688504553,0.21194188664972893,0.0,0.0,0.004043014734983252,-34.19918303340673,0.32466961895476715,1.9864536153896601
qwen2.5-1.5b,squad,232,0.044120618041172406,0.08703089770679998,0.0,0.0,0.0012299752235411798,-70.62158696278931,0.34281520838763235,0.6740182513050695
qwen2.5-1.5b,agnews,233,0.04822325540479498,0.16784937980032383,0.0,0.0,0.006591524675488514,-70.54174948520958,0.31602628121748,1.081137812127951
llama3.2-1b,alpaca,234,0.05569416925776653,0.28077331951449586,0.0,0.0,-0.005029614515602632,-78.67078865971419,0.6210514325288182,3.884707541381881
llama3.2-1b,code,235,0.05748669608755635,0.21086078931529212,0.0,0.0,0.005099844835698614,-88.14336145017297,0.6541734781578373,3.6937045272299
llama3.2-1b,math,236,0.11426701741299158,0.3368769838218867,0.0,0.0,0.022563066959381095,-30.68481590785085,0.8569466380109225,3.9589829537189787
llama3.2-1b,xsum,237,0.09389730877922715,0.29265197112528407,0.0,0.0,-0.015520245581865488,-56.33884477615349,0.7729731692590122,1.9293227629685619
llama3.2-1b,squad,238,0.0942816773851066,0.4767781142112655,0.0,0.0,-0.003496775269508312,-71.01029472500088,0.7234500311623095,4.418515057745219
llama3.2-1b,agnews,239,0.07513357046120134,0.32303105665836007,0.0,0.0,0.006595229350030374,-88.00050265267488,0.7539482126377054,4.253975371098217
qwen2.5-1.5b,alpaca,240,0.03815663739635181,0.08756254330090517,0.0,0.0,-0.013956644538789975,-71.45790936481205,0.2835182607177785,0.7546141483923529
qwen2.5-1.5b,code,241,0.03789524427674949,0.10391466572336776,0.0,0.0,0.0006075284369289752,-58.776890084147446,0.26655652791231227,0.7737801076258326
qwen2.5-1.5b,math,242,0.06349509923005901,0.16222981005423404,0.0,0.0,0.011645077113062147,-48.103744635917245,0.379534052090762,1.242029751336193
qwen2.5-1.5b,xsum,243,0.04780793358609932,0.21329802553902338,0.0,0.0,-0.0027861396670341154,-33.83910133093596,0.3307534587797221,2.0536847013559236
qwen2.5-1.5b,squad,244,0.045287159749475496,0.08682886347966474,0.0,0.0,-0.004003623738884854,-70.22631432414055,0.3423408359664051,0.7392152193821896
qwen2.5-1.5b,agnews,245,0.04800158979316148,0.1692190362912654,0.0,0.0,0.006974674038589035,-71.89058203138413,0.31751276658918265,1.2371672477538853
llama3.2-1b,alpaca,246,0.05452801395078129,0.2907573549728634,0.0,0.0,0.005052013002336042,-80.61576212979855,0.6170357078582462,3.973351957896673
llama3.2-1b,code,247,0.06210241065743363,0.21681091750640333,0.0,0.0,0.0017872278839349554,-86.43194962516426,0.6587639727210015,3.6474836034570344
llama3.2-1b,math,248,0.11449318827348903,0.34007420830923496,0.0,0.0,0.024995959408581292,-29.7692114342004,0.8516209292591888,3.9619943886836264
llama3.2-1b,xsum,249,0.0922317308508846,0.2501610170746437,0.0,0.0,-0.0044159843623636785,-50.901895995438124,0.7696547064057357,1.8509003714098655
llama3.2-1b,squad,250,0.09384724463681035,0.40328370635077104,0.0,0.0,-0.02992011904716496,-67.62559678256511,0.7249835826569921,4.031210920500642
llama3.2-1b,agnews,251,0.07830001981694852,0.38949328100392777,0.0,0.0,0.004672308295965155,-87.48861372433605,0.771279646200812,3.7249949761848375
qwen2.5-1.5b,alpaca,252,0.03942144671451183,0.09856264336157093,0.0,0.0,0.0016947369799018008,-76.77710850350559,0.2883397075820116,0.8279770492476062
qwen2.5-1.5b,code,253,0.03909358717114815,0.11669319464035745,0.0,0.0,0.0018452495932578944,-58.64648086819798,0.267875345673062,0.8098928617607942
qwen2.5-1.5b,math,254,0.06403376811321607,0.16214611261840914,0.0,0.0,0.010394314290955664,-48.155423472728586,0.3801199663665099,1.2686661612144916
qwen2.5-1.5b,xsum,255,0.04691720773341977,0.2290422566304779,0.0,0.0,0.010096501231193544,-37.33931095302111,0.3226369765601736,2.0080138061109833
qwen2.5-1.5b,squad,256,0.04560642767541105,0.11337907576090786,0.0,0.0,-0.016846308857202508,-73.09362478628759,0.3433737120529287,0.7809617172963786
qwen2.5-1.5b,agnews,257,0.04795001493324752,0.15421109428409546,0.0,0.0,0.008702512018382569,-70.78753150552511,0.3156155792442671,1.0539227358595968
llama3.2-1b,alpaca,258,0.05434112861537463,0.26542576729874673,0.0,0.0,-0.01579676643759015,-78.64995590150359,0.612804834239072,3.7262294266827665
llama3.2-1b,code,259,0.06055156703828629,0.23237855168956417,0.0,0.0,0.006503553330898304,-88.97578845042734,0.6588241139107074,3.793855951679064
llama3.2-1b,math,260,0.1155979495491454,0.3092338043540331,0.0,0.0,0.028119740322232245,-29.525829840823995,0.8678069356036722,4.080110051185461
llama3.2-1b,xsum,261,0.09394148606911684,0.29683551653740214,0.0,0.0,0.008230749636888524,-48.75099761635065,0.7736478691908524,1.9875009156297105
llama3.2-1b,squad,262,0.09410735738147327,0.45054632799051986,0.0,0.0,-0.012038430839776959,-71.14930609911684,0.7249351473093146,4.3282598663796925
llama3.2-1b,agnews,263,0.0726279072018506,0.3081831979025291,0.0,0.0,0.004028020933270482,-85.74787648022178,0.7471372662356974,4.35482113166586
qwen2.5-1.5b,alpaca,264,0.03838141428424423,0.08001935050985746,0.0,0.0,-0.0064918703585862825,-70.80572445467112,0.2844879520177173,0.6801869460354146
qwen2.5-1.5b,code,265,0.03954138121276183,0.09738038749098123,0.0,0.0,0.0018416525926441135,-58.39308661064133,0.27519217023371156,0.8426312700435324
qwen2.5-1.5b,math,266,0.06306403518537815,0.14662293244101565,0.0,0.0,0.00994750970788301,-47.99672274859623,0.37883452635503184,1.2722083094846122
qwen2.5-1.5b,xsum,267,0.04770498152799142,0.23556474938125171,0.0,0.0,-0.006053499788045702,-38.32932678461074,0.32585606905242476,2.0456402258470603
qwen2.5-1.5b,squad,268,0.04616715399097881,0.08522604796343478,0.0,0.0,0.005953158035874373,-73.51346087455745,0.3457645533228532,0.7042937837377845
qwen2.5-1.5b,agnews,269,0.04807030201142962,0.14102883181743653,0.0,0.0,0.009325478024780731,-72.11069695986806,0.3192763129772332,1.1368573081522528
llama3.2-1b,alpaca,270,0.05393960609181165,0.33012559243183576,0.0,0.0,-0.0024808619022369527,-77.27648479044436,0.6166183340629658,4.019639414015653
llama3.2-1b,code,271,0.062393967282241586,0.2254667473305349,0.0,0.0,0.004142773151397716,-89.6553380953148,0.6553150018395492,3.8569575712629685
llama3.2-1b,math,272,0.1165125262595467,0.30847787396587717,0.0,0.0,0.029922385960817366,-30.233418636024016,0.8718486028588762,3.981084353021912
llama3.2-1b,xsum,273,0.09086065181287634,0.25220348450185276,0.0,0.0,0.010815999776125018,-59.43738764822481,0.7650012068548773,1.8251266727157731
llama3.2-1b,squad,274,0.09138164813451774,0.40522110643589293,0.0,0.0,0.0014406262636185163,-69.40788935571908,0.7192320579088787,4.263006027716918
llama3.2-1b,agnews,275,0.07554409639096933,0.332745060433992,0.0,0.0,0.004559099242091191,-86.09038077741862,0.7549189300930275,4.336838089467159
qwen2.5-1.5b,alpaca,276,0.03887936342353891,0.11019959088698772,0.0,0.0,0.01261592894792557,-70.35316223129631,0.2860765074350894,0.704757381420761
qwen2.5-1.5b,code,277,0.03772043475323151,0.077580486032043,0.0,0.0,0.0015269861258566386,-58.292729854211224,0.2670882053435197,0.8207630085142376
qwen2.5-1.5b,math,278,0.06443079984967295,0.16055064206647385,0.0,0.0,0.008223347034305328,-47.87138820085675,0.3775985496138266,1.346561063309848
qwen2.5-1.5b,xsum,279,0.047679935043410886,0.21272291324977963,0.0,0.0,-0.0074155967533588996,-33.15088703334334,0.32883763652792647,2.047605156087321
qwen2.5-1.5b,squad,280,0.04592651446531442,0.09336870604965723,0.0,0.0,-0.00505359767377378,-74.68122993782166,0.34358319305244095,0.7413933475641524
qwen2.5-1.5b,agnews,281,0.049080847652656585,0.16043997724737635,0.0,0.0,0.006270079761743541,-71.50791491270064,0.3174206693324986,1.235165239019993
llama3.2-1b,alpaca,282,0.05505291488385365,0.30711635257022524,0.0,0.0,0.006942978303879521,-77.95719517152754,0.617993858643164,4.11713965328454
llama3.2-1b,code,283,0.0593570896248949,0.24147047164887303,0.0,0.0,0.0014794560000300216,-87.67129991073165,0.6569143001252756,3.9492709625221534
llama3.2-1b,math,284,0.11226059498282105,0.332916190585209,0.0,0.0,0.02111248250305653,-30.912527650594704,0.8456129825022873,4.066350446127488
llama3.2-1b,xsum,285,0.09309275651051663,0.26481937944494044,0.0,0.0,0.00028144416213038426,-50.89961014240981,0.7703290737240979,1.8075882421864178
llama3.2-1b,squad,286,0.09353954765036393,0.4230721663608342,0.0,0.0,-0.01426454779505737,-68.76110758185386,0.7196030440977621,4.145402105732097
llama3.2-1b,agnews,287,0.07557996403325001,0.28985271224389697,0.0,0.0,0.007130418241024006,-88.12379620298742,0.75410613958547,3.969634490821833
qwen2.5-1.5b,alpaca,288,0.03827856871614603,0.08796588835621051,0.0,0.0,-0.006363186161965129,-68.99850769471378,0.285946951663092,0.8294902800878509
qwen2.5-1.5b,code,289,0.03875452800154771,0.0892912251826217,0.0,0.0,0.00017547272518275703,-58.40010710321368,0.26909424108938634,0.8736505596273285
qwen2.5-1.5b,math,290,0.06381169664079815,0.1619460656432563,0.0,0.0,0.011181426223367458,-47.0018659889698,0.38047986436153486,1.272897855761133
qwen2.5-1.5b,xsum,291,0.04832018593376645,0.22141067384271412,0.0,0.0,0.015118490785360317,-37.52938095480208,0.32941995158607285,1.8678817596512678
qwen2.5-1.5b,squad,292,0.04487996327385529,0.09508832754953794,0.0,0.0,-0.012716013073921228,-71.29069619253278,0.34184145495488666,0.8186876549201767
qwen2.5-1.5b,agnews,293,0.04746768073415893,0.14836146482826232,0.0,0.0,0.005997839145362394,-71.78170610331,0.31370512237719844,1.1969602276295663
llama3.2-1b,alpaca,294,0.05581064957241047,0.3144499133491329,0.0,0.0,-0.01740682257711884,-76.37512133494019,0.6148312563818428,4.049874548353355
llama3.2-1b,code,295,0.05885085519785975,0.23947295200924557,0.0,0.0,0.005993165913969284,-86.93816774729639,0.6602226756262426,3.862467751840706
llama3.2-1b,math,296,0.11689658472475475,0.3609671247885034,0.0,0.0,0.028293228439986662,-28.377372623607506,0.871528909499935,4.151142837440062
llama3.2-1b,xsum,297,0.09249503798890495,0.22932016367078942,0.0,0.0,0.004045809179544335,-53.401025974750546,0.7721531222526533,1.7190617459210895
llama3.2-1b,squad,298,0.09418655992269662,0.3785516566181491,0.0,0.0,-0.0032398490011692482,-71.44805533289914,0.7277755805608073,4.241674129246597
llama3.2-1b,agnews,299,0.07460550333642009,0.3384752401890531,0.0,0.0,0.007234709620475788,-86.79034837409854,0.7601418744464677,4.4973404874566345
qwen2.5-1.5b,alpaca,300,0.03887623974287098,0.08152190283934424,0.0,0.0,0.009888608992099757,-70.0047561544925,0.2832894557713927,0.8273342755115776
qwen2.5-1.5b,code,301,0.03792060479351612,0.09651870841021808,0.0,0.0,0.002665823169052617,-58.506835512816906,0.26690750205446184,0.8687375120026669
qwen2.5-1.5b,math,302,0.06244078205105428,0.15605220703901712,0.0,0.0,0.008505561422556637,-47.61197115257383,0.3789337972603712,1.3481940688324718
qwen2.5-1.5b,xsum,303,0.04716277443299888,0.22635767190753928,0.0,0.0,-0.000499666601419424,-35.3401635080576,0.32321737294816427,1.9048479921271961
qwen2.5-1.5b,squad,304,0.04607163475728985,0.08930847693134043,0.0,0.0,0.003555268004536649,-73.38458396345376,0.34116432702219524,0.6772399962436724
qwen2.5-1.5b,agnews,305,0.046853469104339705,0.16460950691438694,0.0,0.0,0.00016723625361919625,-70.63271607011555,0.31230063749092213,1.1040904582934872
llama3.2-1b,alpaca,306,0.055418823071927484,0.2884905717053993,0.0,0.0,-0.0013807052411138887,-74.57387752812353,0.6169766388895424,3.8308125569072278
llama3.2-1b,code,307,0.058365135745179895,0.2265006292589733,0.0,0.0,0.0025926772207021664,-88.51198188923298,0.6558560603957957,3.8118121182901663
llama3.2-1b,math,308,0.11683496222116288,0.37520177545172023,0.0,0.0,0.02415720915049313,-30.797184634208662,0.8615088854722821,4.206626507877225
llama3.2-1b,xsum,309,0.09471690947408302,0.28019071846284166,0.0,0.0,-0.005392860144376677,-54.25191945731646,0.7751640831290039,2.0263478958243786
llama3.2-1b,squad,310,0.09483697365314557,0.4418378296249195,0.0,0.0,0.0008201793432235371,-72.5398482516408,0.7278601321180281,4.296394859621611
llama3.2-1b,agnews,311,0.07398770696155671,0.33221408124145996,0.0,0.0,0.00584063924849032,-86.77705159299079,0.7588104885551323,4.206950707020813
qwen2.5-1.5b,alpaca,312,0.03836645053924681,0.09714421958276064,0.0,0.0,-0.0027991923429072085,-69.60571553539488,0.2880701977123613,0.771174493240482
qwen2.5-1.5b,code,313,0.037066524724479875,0.07279802890956483,0.0,0.0,0.0013092833738773957,-58.27540846755727,0.2663928358524737,0.9366266597750171
qwen2.5-1.5b,math,314,0.062358816961267154,0.1344290010407282,0.0,0.0,0.009880897371098402,-47.10082511575893,0.38028126345389957,1.2226258515517687
qwen2.5-1.5b,xsum,315,0.04729846066089414,0.18534684846913654,0.0,0.0,-0.01795737329125391,-28.383971959352444,0.3199165787329625,1.6066963167051853
qwen2.5-1.5b,squad,316,0.04632428129106863,0.10569262113538866,0.0,0.0,-0.0060824163854121815,-74.4960906088352,0.3409936021436994,0.7367059805309675
qwen2.5-1.5b,agnews,317,0.047854184317908284,0.151524425789639,0.0,0.0,0.004079597473144514,-70.68047936707735,0.315838001942379,1.1939679123958036
llama3.2-1b,alpaca,318,0.055697996726930196,0.30241261044649165,0.0,0.0,-0.008985281147062762,-80.81210168823601,0.6197953866546048,3.917760192819987
llama3.2-1b,code,319,0.0601924629106067,0.2428666846232337,0.0,0.0,0.006445154882967485,-86.71919690128415,0.6564384585740675,3.743259113835356
llama3.2-1b,math,320,0.1154852729616153,0.33838666398011935,0.0,0.0,0.03194300083816054,-29.46604391075672,0.8690112045331118,4.095534817001526
llama3.2-1b,xsum,321,0.09252050542597824,0.3005009221933457,0.0,0.0,-0.005937809646129555,-56.663273859024095,0.769428772312421,1.9971762871633312
llama3.2-1b,squad,322,0.09321699620123924,0.4625065397150033,0.0,0.0,-0.004169491156935656,-65.57003046944739,0.7235368036254817,4.547207688305079
llama3.2-1b,agnews,323,0.07663417284923194,0.3633220460244913,0.0,0.0,0.009754530355334301,-86.68822961933908,0.752025244298515,4.321610206416288
qwen2.5-1.5b,alpaca,324,0.038439159393850376,0.1138288965864134,0.0,0.0,-0.016511244218796517,-71.89007151219994,0.2809191976212753,0.7145085979831074
qwen2.5-1.5b,code,325,0.038324606092831455,0.08022629199299086,0.0,0.0,0.0030782772339880554,-57.90400391910225,0.2706858350673968,0.9919453815679299
qwen2.5-1.5b,math,326,0.06308033214043761,0.1576660019026203,0.0,0.0,0.01011443332955242,-48.56523418426514,0.37769663040587204,1.2699913615500373
qwen2.5-1.5b,xsum,327,0.047664357001812804,0.23885146738051974,0.0,0.0,0.01233801764249809,-38.03042107820501,0.32408448249557303,2.0354777675571976
qwen2.5-1.5b,squad,328,0.045520792864789085,0.09444163607827685,0.0,0.0,-0.0032402843236923884,-74.56629815623165,0.34065647714396213,0.7590725078191446
qwen2.5-1.5b,agnews,329,0.048762637065612416,0.14988245022490784,0.0,0.0,0.002596642807126015,-70.8928395278752,0.3135529990848214,1.0760065214885863
llama3.2-1b,alpaca,330,0.054164690361545226,0.2654469789441101,0.0,0.0,0.0015749844722449668,-76.03359007481487,0.6101453245771823,3.754372064549459
llama3.2-1b,code,331,0.059054069359167335,0.2156838220654321,0.0,0.0,0.004998209200799464,-86.17916422728452,0.6568408615148861,3.792864889735512
llama3.2-1b,math,332,0.11203693792689243,0.3156551253386188,0.0,0.0,0.026490934513509257,-30.824072837084536,0.8530452425409225,3.8754444133946544
llama3.2-1b,xsum,333,0.09356575755685705,0.30810594118943196,0.0,0.0,0.0012928159832954478,-56.11875485032808,0.7726195536432521,1.979524231966076
llama3.2-1b,squad,334,0.09511407056254764,0.4275861427854155,0.0,0.0,0.005532944157719655,-67.83711242005229,0.7266322260315865,4.030159598554588
llama3.2-1b,agnews,335,0.07445804762102812,0.337696540425604,0.0,0.0,0.00699674482643603,-85.62438730001452,0.7530936729098956,4.315782669255613
qwen2.5-1.5b,alpaca,336,0.038304360644819686,0.09726582075270247,0.0,0.0,-0.0032460848875343618,-70.35751297082753,0.2822128794984978,0.7140472192940875
qwen2.5-1.5b,code,337,0.03782731517614137,0.07565103313458552,0.0,0.0,0.0021487350501119967,-59.41217637211086,0.2671588965008454,0.8946056543907621
qwen2.5-1.5b,math,338,0.0636489166297293,0.15565854476393104,0.0,0.0,0.010840647678822285,-48.22659356351942,0.3767585887718285,1.2816191226866083
qwen2.5-1.5b,xsum,339,0.0476811999838691,0.2251782393258459,0.0,0.0,-0.016426117390394124,-32.768433406949036,0.3300623074292316,1.9516578136437182
qwen2.5-1.5b,squad,340,0.0449052363781785,0.0974937101236353,0.0,0.0,-0.005936643362045246,-70.67951059415934,0.3431230858282226,0.7707313387106253
qwen2.5-1.5b,agnews,341,0.04681375820010424,0.1346854531254709,0.0,0.0,0.0048567767292260755,-70.90908077508215,0.3161049440334476,1.2071132016346975
llama3.2-1b,alpaca,342,0.054818917899573966,0.28811963863469303,0.0,0.0,-0.01396004325896505,-75.4668484363705,0.6139216024960119,3.9180319123502345
llama3.2-1b,code,343,0.05977226613850855,0.24264277582915744,0.0,0.0,0.0034381246306002256,-88.58576475083827,0.6487472841617352,3.853792735405865
llama3.2-1b,math,344,0.11202696305220403,0.2927239114132895,0.0,0.0,0.021962597042322174,-28.761944295093407,0.8619540472139455,3.9667327599184783
llama3.2-1b,xsum,345,0.09415575849003543,0.2627574681932515,0.0,0.0,0.011967394590377767,-56.22295482158658,0.7751130254088108,1.885454519309708
llama3.2-1b,squad,346,0.09546362179086978,0.45524423785836976,0.0,0.0,-0.015301047414541191,-69.42636264115569,0.7225575554411148,4.383741658553317
llama3.2-1b,agnews,347,0.0723652615865788,0.3274405368281265,0.0,0.0,0.008809728771448144,-87.43440786637368,0.7433912957133986,4.1609934912186946
qwen2.5-1.5b,alpaca,348,0.03921899979002894,0.12343595621399014,0.0,0.0,-0.00204753703624011,-71.98775353785605,0.288764572153362,0.7465921389360609
qwen2.5-1.5b,code,349,0.039646626379229284,0.13416498157640788,0.0,0.0,0.001178154908120635,-57.49791631717234,0.268535334292557,0.7604330232481044
qwen2.5-1.5b,math,350,0.06306057697592736,0.1540005774561297,0.0,0.0,0.009731167757883658,-48.63878858434037,0.3826120466033297,1.4243322834980248
qwen2.5-1.5b,xsum,351,0.04651209622676998,0.21491731089077695,0.0,0.0,0.01371246454119679,-34.32740214914082,0.32690987880821376,1.943152342359263
qwen2.5-1.5b,squad,352,0.04497568628337961,0.09985487488830239,0.0,0.0,-0.00893990214169027,-71.81723083481191,0.3421474635539428,0.7637020149009071
qwen2.5-1.5b,agnews,353,0.048195920680301985,0.2011894823733082,0.0,0.0,0.007166123241186151,-72.01791560836136,0.3136136431183831,1.2285302119718942
llama3.2-1b,alpaca,354,0.0545488210932071,0.267891333804371,0.0,0.0,-0.014993177145719572,-74.91793961599468,0.6191576671965465,3.8497255522285534
llama3.2-1b,code,355,0.05978093992075308,0.2535400850006893,0.0,0.0,0.009221548244357114,-88.78221500162034,0.6516912684924663,3.9788646937818903
llama3.2-1b,math,356,0.11768239464772176,0.34421157198486424,0.0,0.0,0.03311407261341809,-28.694362465664746,0.8729314416989606,4.092201595735048
llama3.2-1b,xsum,357,0.09202019586714622,0.3048441732769702,0.0,0.0,-0.0157557171285152,-54.12118317633869,0.7752069868617476,2.0634949832066223
llama3.2-1b,squad,358,0.09353067391223416,0.3998466545050583,0.0,0.0,-0.016596460029482896,-64.86829967424273,0.7184602243545826,4.152232910363458
llama3.2-1b,agnews,359,0.07231095229729428,0.3242809523364511,0.0,0.0,0.008377642720937717,-88.79898060746491,0.7411306328937355,4.161370979319068
qwen2.5-1.5b,alpaca,360,0.03881264123593751,0.12225317350535479,0.0,0.0,-0.0003013830371201287,-72.66646983530373,0.2872356714377685,0.7687612622987691
qwen2.5-1.5b,code,361,0.03919666777308772,0.12311629933024332,0.0,0.0,0.002723261682316666,-58.49948420030995,0.27026269852564877,0.7590525171798019
qwen2.5-1.5b,math,362,0.06296058854805107,0.14401012677996317,0.0,0.0,0.01055225044302642,-48.46027779588476,0.3815140917186796,1.4151231458636815
qwen2.5-1.5b,xsum,363,0.046842272970313105,0.20875744072120828,0.0,0.0,-0.004178819417953505,-25.57511003762479,0.3225748509429914,1.9956460161478942
qwen2.5-1.5b,squad,364,0.04607436963466619,0.11657878508435951,0.0,0.0,-0.003361665725707952,-71.92595469728113,0.34421889429985225,0.8238657361818689
qwen2.5-1.5b,agnews,365,0.04917592318304604,0.14826061016822562,0.0,0.0,0.010141718514263653,-70.9983584549278,0.3349565791812578,1.133601843347857
llama3.2-1b,alpaca,366,0.05475700040282117,0.28224325742710044,0.0,0.0,-0.01395160657167438,-77.09896043688057,0.6200474098958945,4.093053145374003
llama3.2-1b,code,367,0.059275119569730916,0.21318200226071848,0.0,0.0,0.005378550570458163,-86.94719387106599,0.6600470431025564,3.8080148588904192
llama3.2-1b,math,368,0.1149966423826162,0.32966579130797635,0.0,0.0,0.024926144063472766,-29.95219911560415,0.86224420092014,3.9419516315024556
llama3.2-1b,xsum,369,0.0961477399768855,0.28652060462121454,0.0,0.0,-0.02975066387653369,-54.213683184981434,0.7810770777499366,2.0545853074712364
llama3.2-1b,squad,370,0.09469281970521329,0.4306105422230161,0.0,0.0,-0.009446673750877377,-67.30090103447436,0.7184954202801324,4.218536324747184
llama3.2-1b,agnews,371,0.07375459505854018,0.3092595995290799,0.0,0.0,0.005978527344763285,-87.52478225231172,0.7586390804617581,4.277458467192316
qwen2.5-1.5b,alpaca,372,0.038443416610330204,0.10843347245297176,0.0,0.0,-0.0026853003501892125,-73.08469530623405,0.28531897045457794,0.6162493307179621
qwen2.5-1.5b,code,373,0.03795548535685128,0.08262453480769655,0.0,0.0,-0.0005108041204512359,-58.46159987244754,0.2694798767185709,0.8680419938467008
qwen2.5-1.5b,math,374,0.06356497150354523,0.1610046953493254,0.0,0.0,0.00999027182906867,-47.22766049839556,0.37750893575226413,1.3714322422388858
qwen2.5-1.5b,xsum,375,0.04720328316625474,0.18043845027083227,0.0,0.0,0.0018109222650528611,-33.65133864581586,0.31979015051151993,1.1124752948412697
qwen2.5-1.5b,squad,376,0.04487773783041107,0.09729405222922091,0.0,0.0,-0.009184083983302171,-72.20079198628665,0.33992794549583355,0.699395194924762
qwen2.5-1.5b,agnews,377,0.04815056903063418,0.15532991659035406,0.0,0.0,0.005773720659315584,-71.47750715948642,0.31188594646179,1.1047479910454807
llama3.2-1b,alpaca,378,0.05387659235458232,0.280784540311491,0.0,0.0,0.005079213380813574,-80.13674436472357,0.6131010579189686,3.9756306962579746
llama3.2-1b,code,379,0.0601285554821388,0.1782989495638518,0.0,0.0,0.003989199388772263,-88.19256303086877,0.6625934914611746,3.5423940412113346
llama3.2-1b,math,380,0.11372827808929759,0.3397221710008726,0.0,0.0,0.023951659753918664,-30.465946844965238,0.8638525641770418,4.186414645946294
llama3.2-1b,xsum,381,0.09351006505943099,0.2693441490650214,0.0,0.0,-0.048942380309104916,-40.743069176375855,0.7770726170123539,1.873407803173954
llama3.2-1b,squad,382,0.09352115014265257,0.42087643854395657,0.0,0.0,-0.00604952003061765,-70.03333740755912,0.7342857272545817,4.3517785349422935
llama3.2-1b,agnews,383,0.07341180330641542,0.3102862018006756,0.0,0.0,0.009095594920217998,-86.4054980069399,0.7574818257506339,4.370684181775187
qwen2.5-1.5b,alpaca,384,0.039227118541028894,0.11228631096056076,0.0,0.0,0.017755613852292296,-70.72782932426782,0.2869995352381253,0.726501988596652
qwen2.5-1.5b,code,385,0.038515104484867904,0.10346139803816246,0.0,0.0,0.0036625813134014557,-57.953938870690784,0.2716042024981968,0.9917387438110493
qwen2.5-1.5b,math,386,0.06363266861821061,0.15443776103735696,0.0,0.0,0.010426397619768976,-47.58879472678528,0.3771842000553356,1.273161546811503
qwen2.5-1.5b,xsum,387,0.04825686643042426,0.2595982718778348,0.0,0.0,-0.0024065979421137307,-35.787541659176284,0.32618365393035287,2.1682683299396768
qwen2.5-1.5b,squad,388,0.04649044832428588,0.08392251643240034,0.0,0.0,-0.0073279943466186825,-73.61035102754828,0.3436598007553287,0.7241336192333896
qwen2.5-1.5b,agnews,389,0.04770459670500783,0.1920254841445878,0.0,0.0,0.007230409763753387,-71.55979227535427,0.31825613955264803,1.309990844358685
llama3.2-1b,alpaca,390,0.054940913459567586,0.3040828761419039,0.0,0.0,-0.0062333839945494796,-74.10664500202982,0.609309329315007,3.973006587206627
llama3.2-1b,code,391,0.06016287497301556,0.2500185283640081,0.0,0.0,0.0007561185956001248,-87.48909182772039,0.6524173391409724,3.9544979292459725
llama3.2-1b,math,392,0.11102636291581425,0.27751595203574675,0.0,0.0,0.027419811069965383,-30.68564057834446,0.8558538393772033,3.8017819507998842
llama3.2-1b,xsum,393,0.0934849507447473,0.26359014702714495,0.0,0.0,-0.020734895348548887,-53.60701048225171,0.7820087020823203,1.9125068311480395
llama3.2-1b,squad,394,0.0929559511534981,0.40578425292031106,0.0,0.0,-0.012031649440526926,-69.35885643362995,0.7180058225531338,4.047265521779375
llama3.2-1b,agnews,395,0.07690153655651702,0.33845381669805785,0.0,0.0,0.009511463955044763,-86.77272153757511,0.7546950535113761,4.413072123899232
qwen2.5-1.5b,alpaca,396,0.03729640738663834,0.08327160811665477,0.0,0.0,-0.003079387731850125,-71.72838861327617,0.284701120976356,0.6260512285705844
qwen2.5-1.5b,code,397,0.03850308089893557,0.10184414847434078,0.0,0.0,-6.894079595803904e-05,-58.90806646477431,0.2667518163002244,0.811389667492278
qwen2.5-1.5b,math,398,0.06361112787289806,0.154946134078576,0.0,0.0,0.009379910157993429,-46.986222503799944,0.3814679579663048,1.321975364395302
qwen2.5-1.5b,xsum,399,0.047025473399322185,0.22700819508033124,0.0,0.0,-0.013284946262836383,-38.27064791470762,0.3279410394593417,2.005359207650384
qwen2.5-1.5b,squad,400,0.045543710465838765,0.08291968142325246,0.0,0.0,0.0002847747057677097,-69.67101096734405,0.34453674357048664,0.7762798245917616
qwen2.5-1.5b,agnews,401,0.0475768764155586,0.1358935962586047,0.0,0.0,0.006427097238600243,-70.8828559663147,0.3172313298458755,1.114652222111908
llama3.2-1b,alpaca,402,0.05668700553960955,0.3185372541279273,0.0,0.0,0.0004117045737803138,-76.72649283688516,0.6149398740630893,4.0255549534365445
llama3.2-1b,code,403,0.058702748632209326,0.21204941645421616,0.0,0.0,0.004087910816073431,-87.28365385867654,0.6503387037073284,3.851040108464459
llama3.2-1b,math,404,0.11232789132096382,0.30683407604221496,0.0,0.0,0.024021663561463347,-31.08003970347344,0.8467951490573484,4.006022172856873
llama3.2-1b,xsum,405,0.09351110426105122,0.2807182944728837,0.0,0.0,-0.015781685352325603,-56.55158932209011,0.7814581678275806,1.8495406092913507
llama3.2-1b,squad,406,0.09558880971184722,0.5198898897585258,0.0,0.0,-0.014588710576295849,-71.01017864346503,0.72556602755864,4.513901401869679
llama3.2-1b,agnews,407,0.07404022685254533,0.3381987328345484,0.0,0.0,0.012296717651188338,-86.9268123533577,0.7491087660939891,4.235575682866312
qwen2.5-1.5b,alpaca,408,0.03831397535891929,0.07844687701790136,0.0,0.0,-0.008290830116718995,-72.1895957546309,0.2847208226923749,0.7134284080582174
qwen2.5-1.5b,code,409,0.03936554970889563,0.10668394300417368,0.0,0.0,0.0034651380274444837,-58.6135540063493,0.2741092835980548,0.865027790202455
qwen2.5-1.5b,math,410,0.06329736541791339,0.1740134195522853,0.0,0.0,0.009813276104629037,-47.47900691721588,0.380680544785153,1.4160899051426095
qwen2.5-1.5b,xsum,411,0.04919740699892759,0.21233744755454145,0.0,0.0,-0.0027000115215778386,-41.70481982529174,0.32500596162606094,1.7232650206312548
qwen2.5-1.5b,squad,412,0.04534609992165647,0.09677235981963289,0.0,0.0,-0.008061447367072039,-70.08211874738332,0.34299772772140974,0.7160545502640033
qwen2.5-1.5b,agnews,413,0.04601999496321368,0.15604992856180078,0.0,0.0,0.007311863623559456,-71.58726495616138,0.31371939533753807,1.114442519447109
llama3.2-1b,alpaca,414,0.05462400000138605,0.2792154171924821,0.0,0.0,-0.003267144028097413,-80.00825411491094,0.6159191782950617,3.8700337182149522
llama3.2-1b,code,415,0.05960635808556973,0.21945157271997526,0.0,0.0,0.006824615363031639,-87.6695355894044,0.6622407489116696,3.664184796898465
llama3.2-1b,math,416,0.11659014932505402,0.3212675464381756,0.0,0.0,0.027804681383073293,-28.77956146933138,0.8670105895462026,4.159100746714149
llama3.2-1b,xsum,417,0.09261961460324475,0.2756273209801548,0.0,0.0,-0.039485513985157095,-46.17860783636573,0.7692583257096116,1.8858301475209847
llama3.2-1b,squad,418,0.09453764024420092,0.4510015257075016,0.0,0.0,-0.0065078245848417815,-67.96464462652806,0.7268006067238362,4.302714426176964
llama3.2-1b,agnews,419,0.07564081534430589,0.31390753352448947,0.0,0.0,0.00801269171386959,-86.76688997559249,0.7447942307338646,4.082426879613257
qwen2.5-1.5b,alpaca,420,0.03865551329710281,0.09209610470338879,0.0,0.0,-0.012493876881897403,-70.90707692764698,0.2864914787769121,0.7248003302846123
qwen2.5-1.5b,code,421,0.03789391205227547,0.08661393981610735,0.0,0.0,0.0025193992685526717,-58.23069253554567,0.2668982018513835,0.9295064298072139
qwen2.5-1.5b,math,422,0.06386438902465544,0.15474617521869094,0.0,0.0,0.010825934024527667,-47.78701625736431,0.3809390518352122,1.2964580504431167
qwen2.5-1.5b,xsum,423,0.04778112585821121,0.2250771589986542,0.0,0.0,-0.0059013624489308025,-36.31906786561013,0.32557230486723154,1.8155426671053485
qwen2.5-1.5b,squad,424,0.04539600807943785,0.09103388518436697,0.0,0.0,0.0035028027445077603,-72.14932177960871,0.34382352657079457,0.7239389055108849
qwen2.5-1.5b,agnews,425,0.0494463368344404,0.1392400938499171,0.0,0.0,0.004238385841250414,-72.08873914554715,0.3205920823501517,1.0514707444164848
llama3.2-1b,alpaca,426,0.05399699456454829,0.3121381747185587,0.0,0.0,-0.002783274915069356,-74.28731498327107,0.6208040729144844,4.0900796599923845
llama3.2-1b,code,427,0.06093826271277536,0.2549264588987803,0.0,0.0,0.004811092348769308,-87.969308426138,0.659489830600329,3.83175824139407
llama3.2-1b,math,428,0.11612976900350477,0.2994779389050682,0.0,0.0,0.028386376775801192,-28.576346823200577,0.8765008952666129,3.8327745250541705
llama3.2-1b,xsum,429,0.09492535810850544,0.32985598361577567,0.0,0.0,0.012135420501232286,-51.831399138271756,0.7806301940962641,2.5137617799594247
llama3.2-1b,squad,430,0.09313083108834437,0.4086143218018679,0.0,0.0,-0.016115067154169105,-66.94415954872966,0.7291359506953803,4.379314485475772
llama3.2-1b,agnews,431,0.0736736890966732,0.3048541348059451,0.0,0.0,0.0063494088500738455,-87.02319983281193,0.7546259245488485,4.03453937508005
qwen2.5-1.5b,alpaca,432,0.03879779247931355,0.08740927428614992,0.0,0.0,-0.0054498773664236055,-71.82018741425127,0.2881531692528361,0.6802705967405122
qwen2.5-1.5b,code,433,0.039104190155171546,0.08950547886197653,0.0,0.0,0.002828573442995544,-57.842169518023745,0.27288751897574176,0.9873061149324561
qwen2.5-1.5b,math,434,0.06264918011793895,0.14928064973294708,0.0,0.0,0.008592288890853533,-48.63745672376825,0.3786367947016033,1.3049456529787324
qwen2.5-1.5b,xsum,435,0.047876536598275114,0.25799594773401324,0.0,0.0,-0.034894444197416385,-32.59613251835108,0.32852999665700555,2.047588651391771
qwen2.5-1.5b,squad,436,0.045660235460169965,0.10446701463357802,0.0,0.0,-0.00020877720415590773,-68.48395662233237,0.34302053424573664,0.7111894871424748
qwen2.5-1.5b,agnews,437,0.04677569493953917,0.15583277696548517,0.0,0.0,0.0027032317370176417,-70.66499241404239,0.3157935581586016,1.1140367758182161
llama3.2-1b,alpaca,438,0.05444785706960363,0.28461105963655614,0.0,0.0,-0.0012761948630213293,-72.2780403610319,0.6249476235258098,3.902083789219476
llama3.2-1b,code,439,0.058950076406097104,0.2087022657931814,0.0,0.0,-0.0003687129989266291,-87.93648161049933,0.6606362453878295,3.796859558305082
llama3.2-1b,math,440,0.11769571571528117,0.3545051599045699,0.0,0.0,0.027095696903765176,-29.92880867347122,0.8729735304510616,4.221095608570365
llama3.2-1b,xsum,441,0.09295064129207559,0.26743875759241253,0.0,0.0,-0.005910673826932777,-48.697022244334256,0.7703380048203086,1.914629748696412
llama3.2-1b,squad,442,0.0942247236931284,0.40434833886019605,0.0,0.0,-0.00539546930789947,-68.34786102175711,0.7240792260630675,4.124505992931691
llama3.2-1b,agnews,443,0.0725234006853046,0.35143590882233783,0.0,0.0,0.010148792013525976,-87.89094694517553,0.7366313571792867,4.473962319756048
qwen2.5-1.5b,alpaca,444,0.03874864580965187,0.11241904908220135,0.0,0.0,-9.411941841247495e-05,-71.94062827415767,0.2872789602979258,0.7015374278499372
qwen2.5-1.5b,code,445,0.03736610242051378,0.08027605302683317,0.0,0.0,-0.001946181178092976,-58.3710633099079,0.2649890560593867,0.7829608465309142
qwen2.5-1.5b,math,446,0.063978285118976,0.1498290503470639,0.0,0.0,0.01007826637662948,-47.16704143332316,0.38182574186085566,1.3610148275808334
qwen2.5-1.5b,xsum,447,0.04687080540220397,0.19735496203018038,0.0,0.0,0.007791108727455143,-27.719804237782878,0.3218907625493805,1.8725935489197172
qwen2.5-1.5b,squad,448,0.0454531333542722,0.084802627792298,0.0,0.0,0.006013221621513409,-71.33346066176895,0.3494537614079554,0.7994993926625982
qwen2.5-1.5b,agnews,449,0.04655427137588593,0.14570000731599939,0.0,0.0,0.005870854198932629,-70.98406202793123,0.3177620096023478,1.0732172031219336
llama3.2-1b,alpaca,450,0.055029145334819424,0.26881526096518366,0.0,0.0,0.000639907721430022,-75.655379585363,0.6273756482437727,3.862243004852717
llama3.2-1b,code,451,0.0573907756569025,0.23040342697060462,0.0,0.0,0.0062252906765788985,-87.68486021449787,0.6482410069941061,3.8329234061137094
llama3.2-1b,math,452,0.11541895133650018,0.327537258692835,0.0,0.0,0.022979309707880036,-29.41310494840145,0.8577623353905279,4.202796544194585
llama3.2-1b,xsum,453,0.09264638066022152,0.2786758528636279,0.0,0.0,-0.008823301076889,-58.89565474539997,0.7647698171073002,1.9181783941774455
llama3.2-1b,squad,454,0.09382121452651072,0.4390523348321694,0.0,0.0,-0.013872366815805393,-68.76711857467885,0.7264321995037128,4.315484049266032
llama3.2-1b,agnews,455,0.07392031801542592,0.32297203885793585,0.0,0.0,0.0072960503622889195,-87.40702131278815,0.7458387358718581,4.318767094119213
qwen2.5-1.5b,alpaca,456,0.03996625833882829,0.1043255483644538,0.0,0.0,-0.00303507227823141,-70.51244930010292,0.28638951293553383,0.7589671314522273
qwen2.5-1.5b,code,457,0.0372836081379424,0.08669118582634165,0.0,0.0,0.0009128964394330835,-57.80090835019944,0.26876622308826914,0.9080342279066784
qwen2.5-1.5b,math,458,0.06184923050320049,0.13746843771458095,0.0,0.0,0.009026838408783086,-46.57059769267217,0.3789288106727814,1.3570968321149934
qwen2.5-1.5b,xsum,459,0.04867028565785484,0.19405828977391443,0.0,0.0,-0.014055335134267821,-35.328872139751894,0.32487445090070083,1.8848078627912777
qwen2.5-1.5b,squad,460,0.04501706274153964,0.09739015307770058,0.0,0.0,-0.012410563111305284,-73.0293423242867,0.33904910102603203,0.7903947277068785
qwen2.5-1.5b,agnews,461,0.048108667364585314,0.13320001684621832,0.0,0.0,0.006647684574127177,-71.62667723931374,0.32132075132536936,1.126584733767282
llama3.2-1b,alpaca,462,0.05432716750840257,0.29830267643537434,0.0,0.0,-0.007805430430918914,-77.38184531014416,0.613345600271038,4.059367410135559
llama3.2-1b,code,463,0.059573237528039655,0.22824411417001148,0.0,0.0,0.004534781232476248,-87.79291957803069,0.6560238649057798,3.825600860554455
llama3.2-1b,math,464,0.11589732577007582,0.32850457072710665,0.0,0.0,0.026490393303334747,-29.9219468023628,0.8620578185813963,4.149602126842627
llama3.2-1b,xsum,465,0.09363251385334148,0.2816078017957045,0.0,0.0,-0.007767656773328913,-49.836436089873374,0.7745033429356993,2.0145024085412997
llama3.2-1b,squad,466,0.09420895894654475,0.4634621167328316,0.0,0.0,-0.005617200642824227,-68.6929716587067,0.7264992108517645,4.556538714181761
llama3.2-1b,agnews,467,0.07305040672926785,0.27647232257534743,0.0,0.0,0.00993283855170013,-88.54627284891905,0.7570806343285899,4.317184959004531
qwen2.5-1.5b,alpaca,468,0.03827809574637085,0.08530428304622423,0.0,0.0,-0.011006792128086085,-69.90876905843615,0.28505630265959914,0.6737954485139042
qwen2.5-1.5b,code,469,0.03870395043814934,0.10873002202237107,0.0,0.0,0.0015424066111445478,-58.26010735072196,0.2703488164879399,0.870635232100749
qwen2.5-1.5b,math,470,0.0623526361168996,0.15296194647879366,0.0,0.0,0.0089517330173403,-48.18203708110377,0.37765935553088387,1.3768095575462356
qwen2.5-1.5b,xsum,471,0.04823210829322295,0.18564993122444345,0.0,0.0,-0.022159076720476234,-30.67573960125448,0.327979818897563,1.7331156383471047
qwen2.5-1.5b,squad,472,0.04649546170092884,0.11454797751713955,0.0,0.0,-0.015235136076807931,-72.16999454125762,0.3429327029886283,0.7253127020291361
qwen2.5-1.5b,agnews,473,0.048472482871916855,0.16159738581871463,0.0,0.0,0.0053595690205693325,-70.8843552645296,0.3181835010893631,1.1690454513549684
llama3.2-1b,alpaca,474,0.05557044871569328,0.2835079273617099,0.0,0.0,0.006360334426164627,-78.99169165231287,0.6114163856359637,3.9449717397709616
llama3.2-1b,code,475,0.06092102657468783,0.22929110765162375,0.0,0.0,0.0029284534845501198,-88.44442496309057,0.6653377041136639,3.5489034445806276
llama3.2-1b,math,476,0.11710722940711224,0.34614342537925347,0.0,0.0,0.029367671668529494,-29.392438061535344,0.8577883913637743,4.124965581912466
llama3.2-1b,xsum,477,0.09221339066272763,0.2575674889580808,0.0,0.0,0.008467094361782168,-54.29963181465864,0.7711381236046616,1.8413516223558628
llama3.2-1b,squad,478,0.09502918742279007,0.4638423820273607,0.0,0.0,-0.01714866283535954,-68.66755805313588,0.7241021161612653,4.337783303504328
llama3.2-1b,agnews,479,0.07452005008946572,0.31051460499948236,0.0,0.0,0.0014970788583159589,-85.93425282649694,0.7574343395251103,4.299553258936241
