idx,family,dur_s
0,qwen2.5-1.5b,3133
1,qwen2.5-1.5b,3214
2,qwen2.5-1.5b,3126
3,qwen2.5-1.5b,3134
4,qwen2.5-1.5b,3131
5,qwen2.5-1.5b,3070
6,llama3.2-1b,1824
7,llama3.2-1b,1891
8,llama3.2-1b,1801
9,llama3.2-1b,1892
10,llama3.2-1b,1848
11,llama3.2-1b,1807
12,qwen2.5-1.5b,3133
13,qwen2.5-1.5b,3110
14,qwen2.5-1.5b,3119
15,qwen2.5-1.5b,3195
16,qwen2.5-1.5b,3152
17,qwen2.5-1.5b,3116
18,llama3.2-1b,1814
19,llama3.2-1b,1807
20,llama3.2-1b,1802
21,llama3.2-1b,1906
22,llama3.2-1b,1860
23,llama3.2-1b,1834
24,qwen2.5-1.5b,3134
25,qwen2.5-1.5b,3022
26,qwen2.5-1.5b,3193
27,qwen2.5-1.5b,3303
28,qwen2.5-1.5b,3202
29,qwen2.5-1.5b,3106
30,llama3.2-1b,1802
31,llama3.2-1b,1779
32,llama3.2-1b,1787
33,llama3.2-1b,1977
34,llama3.2-1b,1882
35,llama3.2-1b,1825
36,qwen2.5-1.5b,3055
37,qwen2.5-1.5b,3028
38,qwen2.5-1.5b,3027
39,qwen2.5-1.5b,3159
40,qwen2.5-1.5b,3096
41,qwen2.5-1.5b,3057
42,llama3.2-1b,1784
43,llama3.2-1b,1753
44,llama3.2-1b,1761
45,llama3.2-1b,1874
46,llama3.2-1b,1810
47,llama3.2-1b,1765
48,qwen2.5-1.5b,3061
49,qwen2.5-1.5b,3035
50,qwen2.5-1.5b,3022
51,qwen2.5-1.5b,3113
52,qwen2.5-1.5b,3081
53,qwen2.5-1.5b,3043
54,llama3.2-1b,1791
55,llama3.2-1b,1747
56,llama3.2-1b,1762
57,llama3.2-1b,1877
58,llama3.2-1b,1842
59,llama3.2-1b,1776
60,qwen2.5-1.5b,3071
61,qwen2.5-1.5b,3016
62,qwen2.5-1.5b,3024
63,qwen2.5-1.5b,3137
64,qwen2.5-1.5b,3101
65,qwen2.5-1.5b,3057
66,llama3.2-1b,1782
67,llama3.2-1b,1755
68,llama3.2-1b,1837
69,llama3.2-1b,1958
70,llama3.2-1b,1946
71,llama3.2-1b,1789
72,qwen2.5-1.5b,3140
73,qwen2.5-1.5b,3091
74,qwen2.5-1.5b,3099
75,qwen2.5-1.5b,3263
76,qwen2.5-1.5b,3160
77,qwen2.5-1.5b,3120
78,llama3.2-1b,1813
79,llama3.2-1b,1790
80,llama3.2-1b,1800
81,llama3.2-1b,1910
82,llama3.2-1b,1862
83,llama3.2-1b,1817
84,qwen2.5-1.5b,3160
85,qwen2.5-1.5b,3130
86,qwen2.5-1.5b,3135
87,qwen2.5-1.5b,3216
88,qwen2.5-1.5b,3169
89,qwen2.5-1.5b,3149
90,llama3.2-1b,1814
91,llama3.2-1b,1789
92,llama3.2-1b,1784
93,llama3.2-1b,1907
94,llama3.2-1b,1834
95,llama3.2-1b,1810
96,qwen2.5-1.5b,2998
97,qwen2.5-1.5b,2976
98,qwen2.5-1.5b,2948
99,qwen2.5-1.5b,3057
100,qwen2.5-1.5b,3022
101,qwen2.5-1.5b,2972
102,llama3.2-1b,1792
103,llama3.2-1b,1757
104,llama3.2-1b,1775
105,llama3.2-1b,1880
106,llama3.2-1b,1828
107,llama3.2-1b,1775
108,qwen2.5-1.5b,3018
109,qwen2.5-1.5b,2962
110,qwen2.5-1.5b,2974
111,qwen2.5-1.5b,3056
112,qwen2.5-1.5b,3033
113,qwen2.5-1.5b,3044
114,llama3.2-1b,1842
115,llama3.2-1b,1808
116,llama3.2-1b,1827
117,llama3.2-1b,1941
118,llama3.2-1b,1880
119,llama3.2-1b,1832
120,qwen2.5-1.5b,3069
121,qwen2.5-1.5b,3024
122,qwen2.5-1.5b,3009
123,qwen2.5-1.5b,3126
124,qwen2.5-1.5b,3095
125,qwen2.5-1.5b,3042
126,llama3.2-1b,1844
127,llama3.2-1b,1812
128,llama3.2-1b,1839
129,llama3.2-1b,1917
130,llama3.2-1b,1879
131,llama3.2-1b,1877
132,qwen2.5-1.5b,3069
133,qwen2.5-1.5b,3042
134,qwen2.5-1.5b,3034
135,qwen2.5-1.5b,3210
136,qwen2.5-1.5b,3114
137,qwen2.5-1.5b,2967
138,llama3.2-1b,1800
139,llama3.2-1b,1764
140,llama3.2-1b,1790
141,llama3.2-1b,1897
142,llama3.2-1b,1828
143,llama3.2-1b,1819
144,qwen2.5-1.5b,2999
145,qwen2.5-1.5b,2965
146,qwen2.5-1.5b,3321
147,qwen2.5-1.5b,3043
148,qwen2.5-1.5b,3000
149,qwen2.5-1.5b,2970
150,llama3.2-1b,1781
151,llama3.2-1b,1757
152,llama3.2-1b,1769
153,llama3.2-1b,1886
154,llama3.2-1b,1821
155,llama3.2-1b,1774
156,qwen2.5-1.5b,2992
157,qwen2.5-1.5b,2963
158,qwen2.5-1.5b,2965
159,qwen2.5-1.5b,3065
160,qwen2.5-1.5b,3043
161,qwen2.5-1.5b,2979
162,llama3.2-1b,1783
163,llama3.2-1b,1778
164,llama3.2-1b,1787
165,llama3.2-1b,1878
166,llama3.2-1b,1816
167,llama3.2-1b,1768
168,qwen2.5-1.5b,2990
169,qwen2.5-1.5b,2958
170,qwen2.5-1.5b,2949
171,qwen2.5-1.5b,3087
172,qwen2.5-1.5b,3006
173,qwen2.5-1.5b,2974
174,llama3.2-1b,1784
175,llama3.2-1b,1752
176,llama3.2-1b,1763
177,llama3.2-1b,1873
178,llama3.2-1b,1824
179,llama3.2-1b,1924
180,qwen2.5-1.5b,3079
181,qwen2.5-1.5b,3066
182,qwen2.5-1.5b,3084
183,qwen2.5-1.5b,3150
184,qwen2.5-1.5b,3109
185,qwen2.5-1.5b,3057
186,llama3.2-1b,1805
187,llama3.2-1b,1815
188,llama3.2-1b,1803
189,llama3.2-1b,1891
190,llama3.2-1b,1839
191,llama3.2-1b,1817
192,qwen2.5-1.5b,3099
193,qwen2.5-1.5b,3074
194,qwen2.5-1.5b,3059
195,qwen2.5-1.5b,3164
196,qwen2.5-1.5b,3148
197,qwen2.5-1.5b,3075
198,llama3.2-1b,1813
199,llama3.2-1b,1814
200,llama3.2-1b,1797
201,llama3.2-1b,1913
202,llama3.2-1b,1803
203,llama3.2-1b,1786
204,qwen2.5-1.5b,2992
205,qwen2.5-1.5b,2960
206,qwen2.5-1.5b,2972
207,qwen2.5-1.5b,3056
208,qwen2.5-1.5b,3016
209,qwen2.5-1.5b,2990
210,llama3.2-1b,1765
211,llama3.2-1b,1736
212,llama3.2-1b,1748
213,llama3.2-1b,1868
214,llama3.2-1b,1802
215,llama3.2-1b,1755
216,qwen2.5-1.5b,2983
217,qwen2.5-1.5b,2978
218,qwen2.5-1.5b,2963
219,qwen2.5-1.5b,3258
220,qwen2.5-1.5b,3112
221,qwen2.5-1.5b,3079
222,llama3.2-1b,1808
223,llama3.2-1b,1784
224,llama3.2-1b,1782
225,llama3.2-1b,1888
226,llama3.2-1b,1833
227,llama3.2-1b,1791
228,qwen2.5-1.5b,3079
229,qwen2.5-1.5b,3060
230,qwen2.5-1.5b,3053
231,qwen2.5-1.5b,3175
232,qwen2.5-1.5b,3115
233,qwen2.5-1.5b,3082
234,llama3.2-1b,1826
235,llama3.2-1b,1797
236,llama3.2-1b,1796
237,llama3.2-1b,1948
238,llama3.2-1b,1879
239,llama3.2-1b,1909
240,qwen2.5-1.5b,3078
241,qwen2.5-1.5b,3042
242,qwen2.5-1.5b,3087
243,qwen2.5-1.5b,3135
244,qwen2.5-1.5b,3037
245,qwen2.5-1.5b,2977
246,llama3.2-1b,1795
247,llama3.2-1b,1767
248,llama3.2-1b,1781
249,llama3.2-1b,1966
250,llama3.2-1b,1856
251,llama3.2-1b,1807
252,qwen2.5-1.5b,3094
253,qwen2.5-1.5b,3054
254,qwen2.5-1.5b,3051
255,qwen2.5-1.5b,3148
256,qwen2.5-1.5b,3089
257,qwen2.5-1.5b,3105
258,llama3.2-1b,1824
259,llama3.2-1b,1789
260,llama3.2-1b,1798
261,llama3.2-1b,1907
262,llama3.2-1b,1852
263,llama3.2-1b,1806
264,qwen2.5-1.5b,3088
265,qwen2.5-1.5b,3070
266,qwen2.5-1.5b,3051
267,qwen2.5-1.5b,3180
268,qwen2.5-1.5b,3112
269,qwen2.5-1.5b,3084
270,llama3.2-1b,1814
271,llama3.2-1b,1758
272,llama3.2-1b,1772
273,llama3.2-1b,1926
274,llama3.2-1b,1821
275,llama3.2-1b,1768
276,qwen2.5-1.5b,3018
277,qwen2.5-1.5b,3114
278,qwen2.5-1.5b,3021
279,qwen2.5-1.5b,3044
280,qwen2.5-1.5b,3028
281,qwen2.5-1.5b,3058
282,llama3.2-1b,1826
283,llama3.2-1b,1823
284,llama3.2-1b,1798
285,llama3.2-1b,1910
286,llama3.2-1b,1846
287,llama3.2-1b,1809
288,qwen2.5-1.5b,3155
289,qwen2.5-1.5b,3093
290,qwen2.5-1.5b,3081
291,qwen2.5-1.5b,3186
292,qwen2.5-1.5b,3150
293,qwen2.5-1.5b,3121
294,llama3.2-1b,1832
295,llama3.2-1b,1805
296,llama3.2-1b,1859
297,llama3.2-1b,1920
298,llama3.2-1b,1859
299,llama3.2-1b,1817
300,qwen2.5-1.5b,3135
301,qwen2.5-1.5b,3113
302,qwen2.5-1.5b,3125
303,qwen2.5-1.5b,3204
304,qwen2.5-1.5b,3199
305,qwen2.5-1.5b,3202
306,llama3.2-1b,1828
307,llama3.2-1b,1813
308,llama3.2-1b,1788
309,llama3.2-1b,1910
310,llama3.2-1b,1862
311,llama3.2-1b,1814
312,qwen2.5-1.5b,3186
313,qwen2.5-1.5b,3273
314,qwen2.5-1.5b,3093
315,qwen2.5-1.5b,3187
316,qwen2.5-1.5b,3138
317,qwen2.5-1.5b,3159
318,llama3.2-1b,2005
319,llama3.2-1b,1913
320,llama3.2-1b,1893
321,llama3.2-1b,1897
322,llama3.2-1b,1869
323,llama3.2-1b,1801
324,qwen2.5-1.5b,3096
325,qwen2.5-1.5b,3146
326,qwen2.5-1.5b,3072
327,qwen2.5-1.5b,3196
328,qwen2.5-1.5b,3174
329,qwen2.5-1.5b,3164
330,llama3.2-1b,1833
331,llama3.2-1b,1835
332,llama3.2-1b,1845
333,llama3.2-1b,2096
334,llama3.2-1b,1854
335,llama3.2-1b,1808
336,qwen2.5-1.5b,3127
337,qwen2.5-1.5b,3098
338,qwen2.5-1.5b,3087
339,qwen2.5-1.5b,3210
340,qwen2.5-1.5b,3145
341,qwen2.5-1.5b,3115
342,llama3.2-1b,1859
343,llama3.2-1b,1785
344,llama3.2-1b,1795
345,llama3.2-1b,1868
346,llama3.2-1b,1799
347,llama3.2-1b,1750
348,qwen2.5-1.5b,2980
349,qwen2.5-1.5b,2974
350,qwen2.5-1.5b,3114
351,qwen2.5-1.5b,3317
352,qwen2.5-1.5b,3161
353,qwen2.5-1.5b,3109
354,llama3.2-1b,1811
355,llama3.2-1b,1784
356,llama3.2-1b,1781
357,llama3.2-1b,1896
358,llama3.2-1b,1897
359,llama3.2-1b,1882
360,qwen2.5-1.5b,3063
361,qwen2.5-1.5b,3020
362,qwen2.5-1.5b,3038
363,qwen2.5-1.5b,3214
364,qwen2.5-1.5b,3140
365,qwen2.5-1.5b,3166
366,llama3.2-1b,1837
367,llama3.2-1b,1821
368,llama3.2-1b,1810
369,llama3.2-1b,1905
370,llama3.2-1b,1869
371,llama3.2-1b,1826
372,qwen2.5-1.5b,3177
373,qwen2.5-1.5b,3140
374,qwen2.5-1.5b,3221
375,qwen2.5-1.5b,3224
376,qwen2.5-1.5b,3160
377,qwen2.5-1.5b,3032
378,llama3.2-1b,1790
379,llama3.2-1b,1791
380,llama3.2-1b,1810
381,llama3.2-1b,1901
382,llama3.2-1b,1871
383,llama3.2-1b,1829
384,qwen2.5-1.5b,3114
385,qwen2.5-1.5b,3104
386,qwen2.5-1.5b,2930
387,qwen2.5-1.5b,3088
388,qwen2.5-1.5b,3161
389,qwen2.5-1.5b,3087
390,llama3.2-1b,1808
391,llama3.2-1b,1793
392,llama3.2-1b,1785
393,llama3.2-1b,1892
394,llama3.2-1b,1840
395,llama3.2-1b,1841
396,qwen2.5-1.5b,3098
397,qwen2.5-1.5b,3087
398,qwen2.5-1.5b,3070
399,qwen2.5-1.5b,3158
400,qwen2.5-1.5b,3156
401,qwen2.5-1.5b,3115
402,llama3.2-1b,1814
403,llama3.2-1b,1793
404,llama3.2-1b,1793
405,llama3.2-1b,1898
406,llama3.2-1b,1841
407,llama3.2-1b,1803
408,qwen2.5-1.5b,3106
409,qwen2.5-1.5b,3182
410,qwen2.5-1.5b,3098
411,qwen2.5-1.5b,3181
412,qwen2.5-1.5b,3158
413,qwen2.5-1.5b,3142
414,llama3.2-1b,1820
415,llama3.2-1b,1783
416,llama3.2-1b,1783
417,llama3.2-1b,1891
418,llama3.2-1b,1844
419,llama3.2-1b,1803
420,qwen2.5-1.5b,3148
421,qwen2.5-1.5b,3175
422,qwen2.5-1.5b,3097
423,qwen2.5-1.5b,3179
424,qwen2.5-1.5b,3129
425,qwen2.5-1.5b,3231
426,llama3.2-1b,1834
427,llama3.2-1b,1793
428,llama3.2-1b,1869
429,llama3.2-1b,1984
430,llama3.2-1b,1827
431,llama3.2-1b,1773
432,qwen2.5-1.5b,3290
433,qwen2.5-1.5b,3405
434,qwen2.5-1.5b,3105
435,qwen2.5-1.5b,3157
436,qwen2.5-1.5b,3155
437,qwen2.5-1.5b,3091
438,llama3.2-1b,1810
439,llama3.2-1b,1789
440,llama3.2-1b,1782
441,llama3.2-1b,1891
442,llama3.2-1b,1841
443,llama3.2-1b,1798
444,qwen2.5-1.5b,3132
445,qwen2.5-1.5b,3093
446,qwen2.5-1.5b,3116
447,qwen2.5-1.5b,3216
448,qwen2.5-1.5b,3361
449,qwen2.5-1.5b,3070
450,llama3.2-1b,1954
451,llama3.2-1b,1900
452,llama3.2-1b,1889
453,llama3.2-1b,1973
454,llama3.2-1b,1921
455,llama3.2-1b,1826
456,qwen2.5-1.5b,3125
457,qwen2.5-1.5b,3105
458,qwen2.5-1.5b,3162
459,qwen2.5-1.5b,3207
460,qwen2.5-1.5b,3163
461,qwen2.5-1.5b,3286
462,llama3.2-1b,1849
463,llama3.2-1b,1850
464,llama3.2-1b,1857
465,llama3.2-1b,1930
466,llama3.2-1b,1879
467,llama3.2-1b,1868
468,qwen2.5-1.5b,3300
469,qwen2.5-1.5b,3122
470,qwen2.5-1.5b,3211
471,qwen2.5-1.5b,3233
472,qwen2.5-1.5b,3190
473,qwen2.5-1.5b,3170
474,llama3.2-1b,1843
475,llama3.2-1b,1811
476,llama3.2-1b,1837
477,llama3.2-1b,1921
478,llama3.2-1b,1900
479,llama3.2-1b,1831
